Category,Address,Original Category,Transaction ID,Timestamp
Match (Found in both lists),2wZJJ1K95bB75P7MSQULQzSeBftjP4LwkmB9r9B8vgac,Safe,5fNydLnXwyWcSuTNAhBNxYWtrDCkjcUA2tmdRg1K9BP9u7GJg1ycyMpkg1s37QxXCphZctTztquKfvpw12USYBU1,2024-12-03T14:04:06.000Z
Match (Found in both lists),HHYvGZ6ytsrAZU9421iYNYeaWJUhVDUD7z9uvizNErnV,Safe,2men9KCr9twB1NEL5t2Ln6Uw7YGma2TFR8Rvxc4RDigZdENPU5RrnEGUmq25NxzKpxaJ7UZ8nGwn2heTff6NzDC2,2024-12-03T14:04:29.000Z
Match (Found in both lists),EfuRfJVCYXX87QkfPsxPGxdqBU8S1rKjU7r8JWGq2yu8,Safe,5bg7i3C7SVHBtpVHwKEmWCX1DqLMqtACpfaRoDy2vSBtWRzewnS55Hdv66LyEU7CBEwM7UXWCgAbuA6gaeedQobf,2024-12-03T14:59:21.000Z
Match (Found in both lists),6ShbR37z2PCDxo2xcUfqg96adcAJApuiJi3ZhoPaSe81,Safe,5j8Sd6vGjqFqc7hbsKcKcMyYAQ4aAHNLxUgnFbRMmGTguJKpcUdWsrq6GHKXzYfds1bmJx61CMEiJMvPeaFqnvgs,2024-12-03T15:12:12.000Z
Match (Found in both lists),F3cqQ42MPBdz6dx42MJrXjTM9YJ2Pu88PCRamD9ZxvYg,Safe,3fQULUYiUfXVuEG14fak7xzZWo24WVZ5XwxK2qG13ST2Thw5Q7vTemYScU1ryxs9fvL69Pwbn7ybwQym9o3ad4mm,2024-12-03T15:14:43.000Z
Match (Found in both lists),9rGP6C5qoAfBL7mqEgw7ZFegndMkGrCBGjo8KGSXMsDa,Compromised,rLmPrEWTAfi3isbbVTr9kudb2a7zfYAYVUJLAy3BDkju477TKRdGN7S46bbHafeApNN6dXdsUQK7vFrggTnESAV,2024-12-03T15:27:39.000Z
Match (Found in both lists),Cz3EYxMsYSTKXvL5U6Jqc6gNwpFVYizpXRUq4X9hhhoP,Compromised,fkBqxvqf9C75sKinkBtuHMTx615fHr4vmRT13RTYV9FRutFD2BLx3HFqHGuR4npu6a6bVzpN43EXZwcgHqL2xeE,2024-12-03T15:28:41.000Z
Match (Found in both lists),8XzMEMfsYAaebRYnFjsHb8uqXFJDyqven9exp88onsiU,Compromised,5Z7rYq9L97RPHQ7Z7Vq1mcdkUCdcfck8CCRVb9M58jRsvPJtLKkUEkEpfeJs19Lkp8KXJuz25XmdXLqwswEwNMTK,2024-12-03T15:28:42.000Z
Match (Found in both lists),CaD8ozy8tZeLehp8uwMx37aqdhCviMFt4dqFTZKnY62F,Compromised,36ChRYTzid4K1pTCFZw9qQU6215yH3QSotv1V24fsoU1isHTadQkGJa4wFp9PzWDcUgzF3PGuodgBpQKMqWvB9Nf,2024-12-03T15:31:14.000Z
Match (Found in both lists),HghSRNWQNfG4CByYkZqj4Qqawjspir5Re5BDjzoHZzMw,Compromised,35ktW8FhsJddpbeJEvzsVqNPzxh5ZEhSYBstWr2S92coV9bdNkgiQTncmHD5qo4jpZMqWYzi9VS3RFvy6XM7aBW8,2024-12-03T15:31:34.000Z
Match (Found in both lists),4F9bwCLxAYgkq465qJY8RrGH1KZNa76xhk8RKYZDqikF,Compromised,5n8LjYr4RFS8dJq7zuCw5RYJ27arxYGYQrjMXVGVH7GD4NQaiPdTHNmMvP7V9LcGuwQX2FMgYB3iHWHgVCeA82Fp,2024-12-03T16:28:17.000Z
Match (Found in both lists),3Acz3gyo3kp2y77YqrkL7N8MkWKvWiTy1jE6c4JC7QV7,Compromised,2URBKhT1K7U76Qbq2uwMW1zzs3THZzXDifqifmGHvzL1nfhYZjCf47MtRfD8je8VFAXnzQMhE8FfVi2vvF89rXQP,2024-12-03T16:36:20.000Z
Categorized Only,4QYRu6aEegxtX9GSxyY2jkMDDRTN4nh7ojMBnwz5wZRe,Safe,2j7qWVVgcrm5bPM6avynzZBxCCcuNBbU66oKYZs1zDdhNmWyAcwkGX4afdVXLg7srHNZFgbMYibVvxAsTTjm2iRj,2024-12-03T12:32:37.000Z
Categorized Only,Ca6VBYq47biBcPZtSunomd9vfuJ9U9PJwGeSPKNCo5X4,Safe,2EjckYwxGwh3n9VnVgqPre3mFVYWKC7DSC7n5uA4Ln9hasbFYZCoxp4NS6iAFF3b1Aj63CKPKjm5WNG947viEdUX,2024-12-03T12:37:41.000Z
Categorized Only,Ffd7mK3uNihzttWgpLhKGgaRhovh82ZT4ZswjPZc5qNm,Safe,5jwLg1teodKwrGAhD7ZSaXbiCmrtaYdYPb4tk3tCjn7ZCaKnAmC4Yq4ESomAwvJkzxVf6VsPuR7VNBB7r2vsxHvg,2024-12-03T12:41:28.000Z
Categorized Only,6cocqKvhqzbEKHiT7gpeqZRvnYQcpRQutQ9RywuBpTFf,Safe,3VrJiXrumzazjQVWsjHuNZuPMtaZSD1K4eKhJPMVDQYyAnGLpzitPo7VpGWpN77f4xC4zWt73ech4NGWFkABXq88,2024-12-03T12:42:04.000Z
Categorized Only,Cw5sfNWN5vexZAPmbPY1ShBCbb7L8ainRZUBtyVaksf4,Safe,5bGN2QwrdYYGHuyzc4HDveiDuN5q75HXvq9gk11DCm265rzuBBsPQGFvSHNC1sxfnTcX4fNu3Zni982ooFVGEvCa,2024-12-03T12:54:01.000Z
Categorized Only,8kRXRRD2kmUpdqkaWFhKCDA8vVafdGU5kc6wo2r4Ex7i,Safe,5cRDEknNmSC6Zu1vbANdJnjHEuB7MEji43fvDs2wTeT9JUCQTM3d9NV6HzRyNyL7M5LqHeRB5iAJVxrWLvYJgmjL,2024-12-03T12:54:56.000Z
Categorized Only,61URUW5QEvjSgt2g7gvqKd5F9x32RQvb8JyyKoqxPuLG,Safe,3P5z8Tne6Riap2WFqNX97uuJ4DkkmmXBX9MPxmU26oR1AQPY6qLunTyvqZbKD17ooouQcjYPaQQ9cMPRNvumyHXv,2024-12-03T12:56:55.000Z
Categorized Only,3W9iBty2LyVw8oapUhkp8x7F5sd8QqiZeHHCt5GMeRjL,Safe,5CnyvopT2mT2LtcMM4r2pjdrTSwHwAhyoURG3GEWT8gUKHo7kt5rZbnEx1wGTUH6etQ5ZH7JQdzRem8HPJ7Fat4X,2024-12-03T12:57:35.000Z
Categorized Only,2Qkhtqk1SbKeDRtkwB2SLbU6hADZNi8zKcJkLRZSSiNs,Safe,5xa1fpbU1cUrLp2Vme87VgQgcxGzhCgyL9Bu3Xk6WvxME51PENgHuoa5XXhPSLoo6NwbngfbQosBM7QePAu72PWK,2024-12-03T12:57:47.000Z
Categorized Only,5vCZ1BfQBULxbvdBFA1MnppwDyfhmHh9BXqtCvcLL5cR,Safe,31S6rktwFJ11f3RqJ49GJtoH5WP3jYdb32rHqUMHAR3GY2vpoAo6vM9QnmdUBEvvTHg775BnfpFtZejqZhdpsWy4,2024-12-03T12:57:52.000Z
Categorized Only,EuQg9RzZNuJcwLZmxV9TYt6PTto9HeG5C57y5C7KhP9G,Safe,3Gx6Edks6BCrVBBxNjBfPMV1fT9F47NhSaPMAbfwQwEhvgEwnWENRWN1bLJqKGV3ve8jNjeZ8ZmkeNg72cxh8wFH,2024-12-03T12:58:00.000Z
Categorized Only,7oTPcyNJeUYfzeHbRs44XaMknDcrLJvbzH8R8QcnpfdX,Safe,3bxbBouHnYTJA8ZqBP9yCiLZH7AUfknqVE82CgyohXdhKcTW2eSrfS1kLgW65Ng95B1ymJXsGQEnK2VxuKx97SrM,2024-12-03T12:58:53.000Z
Categorized Only,5SCvfgQ7UCkEJXgbKeXUytMFoubSYTsTg7M3aYCiDPbx,Safe,Zpog63Voyc6CxXYJJBAULsDTS1RmdLgabMB5sKttiuNdU31w54yDBWbY8W8ZNe95Fo4C8WWg9hJjgXCjLW4pv6D,2024-12-03T12:59:33.000Z
Categorized Only,Cc8CcN3EfkMyE6mpP8uwwxhPAHbihwTqKLzBGynSHFFq,Safe,4P9hrhBsnpPcahd5wzRkoNrzXKRQePzaMTUgExgXG88DgK9aGCYJ9JTATESSkUXs9ZJbMimoKJyvupHqtjst6Gb3,2024-12-03T13:00:43.000Z
Categorized Only,5tY6NVjBUSo7Qoppkv1QboafAr6p8f4zuohuqkr7maqu,Safe,4xZzko4o2BPBBbaLC8Pb853qHH5BeEaMWPHaN8PTzZ35qokMUsDQExG7Ua57MBjyEvnUgSCfEE8FuRdoW1FDu5Qa,2024-12-03T13:00:48.000Z
Categorized Only,GCfr36NqGrzyfyD8HaGb5CGB6gm8ssT7DH68Em3SdAdV,Safe,5s9gNK3GTtBtGcDjFQYSyuVowStxTR72598SnWeL5S7td7aUr12Na81RvToAEQTC2aTwSZf73bD5L6qwm4o8BVt3,2024-12-03T13:02:56.000Z
Categorized Only,En5VYjvA4347ULeQYhHkex4Y9LmHXHAi1hbf3oUDoigx,Safe,3HFefetSPQh9LmUqkjegxx6YGgskXeEViuiiCb3ZeKGtRbhc7pYAVZVYMScBYNp5s1CeyGmLqiJKurExSHkWjkQ3,2024-12-03T13:03:05.000Z
Categorized Only,9C9JR7efnp1TXKGDTmNqoTuYxnwWLHA7Yt4jzpRuHMuH,Safe,522Nae6GucuH3MuJh4uPzD9GG7KZqykHBJZNFDjdj81xAejw4M6Go2St63hGjyeZkuf3pJZFvwPUFEm1RzWC2hvh,2024-12-03T13:03:51.000Z
Categorized Only,GVL59hzXprp5Xcqf1hdVYVQeJ1iQQVyrKhfLg4Vq8Y62,Safe,5K8gWGE45KiURjWBG7EF1bEtrzKzoxv4PZCyMaka2tDRWUJgoD1R24vs81XdK3PWW1emokJSaXctJcxorsnjoGJf,2024-12-03T13:04:07.000Z
Categorized Only,G8w3NsBtZTXoHdUrKtMpYVRCY8ktfBV2Rq3DXvV3SYGK,Safe,4hY3UXrFwGWWmBN5QXiNR8Eke9YXMF9FanuB3WZcs1NMKadXMAvR3QcsufeXp3VVsFHsSfEHBYiDL4ppbaJYupa3,2024-12-03T13:04:19.000Z
Categorized Only,gaz5Ft7M63fjw3TXoPvs2epVcu4htq6gBaQfSC27uWJ,Safe,3qFAbtTKSSRko1yg3eageZfgmzTGvhRwvCChS3v3dL72HLT3ZJn4NsBWuhtbKnMkwtdLtuUY6bFfVSxhqUEUY2sm,2024-12-03T13:05:19.000Z
Categorized Only,966NLJKLPubaSCFMeUfM9XknAk1rDATkdRJvA66CWbez,Safe,NZpjU7nVTuzsXdY4qB1fJ3krnbV1WySJnhSBb8sR5fv6TDKNAgoiPqJoQg5ZmwDaYWnD17DZ5xnRPTiX7KsjZh6,2024-12-03T13:05:24.000Z
Categorized Only,3SoHnfqaPA35ZTs8KFx4WxPVWctD5ixMdKmsEBUpWdNd,Safe,s69Gs7K9fyb8E2eDkSA4F7FC8DfK5abKExKQvgKeKW47bRs4yPJx1E2ESQf9PLi8rQxDWcUq96qn5F31L1fsMFZ,2024-12-03T13:05:39.000Z
Categorized Only,Ab8up5u3dCfs3MjWqu9Ky5Yo7hhyTK8vXZ87P6FrgKGU,Safe,21dBuzt2vum3o22aPViWQhFLkxYzqzP3vAnhwCcRjmG7L9zJ7RPJqzdFfr9ReB1UDk1RkqqUnFERRcxk5gEWD1RD,2024-12-03T13:05:44.000Z
Categorized Only,8u6UVw1HCbjXkv6GyWeXkxTBWVYzXpBwHdnnxBUGgE8G,Safe,3tehZ98gMXVEfHxQKV32weFc9RfGjF53eCFbwapAQsJgNA7jV1S3N7MC14bdGJ79DUtpaf6WhKzCPPF89WcndFGQ,2024-12-03T13:05:48.000Z
Categorized Only,8Hk3ycgJFH2a4yqbhLfVrnQRLKp5pSkYqq3LpKQZpUKS,Safe,5X2gK2ChziEoM6bUTBgQNpB1hT5zRuzoxv9VhfhF1sm51hMSMknCg8L5e1ASK9UVLWKVFvKoPnsMP645yBvTvjad,2024-12-03T13:05:48.000Z
Categorized Only,Hs4neYco1M8UcFCpp2bhhyDrPbhXMRff7bmgwXFeD1Lv,Safe,4x1r9kDsdgGxan1CxRcTXQwFRpDnbgsxtkZpPUTHLN9vdwnfu1iYzbVrvaLBr1iPHFeqECxmENR2T4VyoUhoSksb,2024-12-03T13:05:53.000Z
Categorized Only,BbzUr1ZAuwgnGb2hF5KU4dLFD2xBKRr9VqGxnPRYHQGS,Safe,3fEGtJKyRb56YNhRSbVPRqpm4ebWagyaPUA9V45NmpYx7TZRU6NRqBScDPKvgLT9DBn1UcoR5jDRv6jMvAAPA7v1,2024-12-03T13:06:04.000Z
Categorized Only,3BdiC1tjuiitaWPpWz3nBFVzytwzkDMWUfxy4nigba8f,Safe,5N9ckBz9Zerq9sjmDgcnsK3YhFuZmvY6uBcXHSHEUVBWTMvYq9LFXuBg34v2xLXr7eB2ksujBAuR8EEuzwsLxF1A,2024-12-03T13:06:06.000Z
Categorized Only,97Q73yuWKC33twZ8iGof5JesCCazL3xLyHZEiER9S29a,Safe,2YkJ9x9X3hUYRQY6XeioDdfc7Q3Jy6oFRkHZbGWSBpaZHJ6TjmHTpsqFgKQqzTqujPoUwqRbYmUjRLGp1QHrWN4L,2024-12-03T13:06:09.000Z
Categorized Only,DAmjMQaUpCK3td3zAu6TJVnSKPLZbKvYSwNb9LNbdhWf,Safe,59BTf33s2DQhjDoHng8ToFqaK4Wq4Hp624nePmWY7xYSgbuv5wy6DK9mXVD1umCPCC2tob9GQBVwWstZqvrq8Vcy,2024-12-03T13:06:24.000Z
Categorized Only,AL2LXsEsL8SuVHnZgyc14FumFER4RXZe6LDFWNPNm1mB,Safe,3BXCphMP3qWPLmmwnYPTV2exU3nthYBwUBJuoay6Fc1PuL6fhnFZv5vG5iuVnY3yrjnoHZgC8uULtixhesrVm2ab,2024-12-03T13:06:26.000Z
Categorized Only,BATHHV4seeWQ61BnAk7YY1BpYMqBaiKTLRMfXeyuftnD,Safe,4ZWmmYk8GTCRSsqzEjs337LR5pfmLCF4VzYBtWCA4TcfntVMaDVUEYXJPAeZEMd1obozVHF5bcqExAppjwGZqG3V,2024-12-03T13:06:44.000Z
Categorized Only,CXdnPL9cNZRBoAgB5dhwcPDV4qqdKb3Xxcx9ij8crL3r,Safe,3WYab7vUdFfpMLGwfipdHD5tizatHWkaBxiNTZikfcvdyXhUPoirCBmGmJDDxCQKx4bqeR2TwSnovcgjH2oFeePv,2024-12-03T13:07:12.000Z
Categorized Only,3gHEfFDU4xNZuAaD5ssnPnoCn1GKas8bwXf9oYVTb2Jc,Safe,61DHZzzbFNkFrahgHq3ZhWXoGGs8beQCZcN9dFSKvB6sQeYgCUipqvtz239ZhYfqPcYj9H9JsHMP3kVo4XZT37hx,2024-12-03T13:07:12.000Z
Categorized Only,3pUVT39CFR88hZrkbwPACZLf7DGgwDJKjmauy9HgARPv,Safe,5Bat35oGymysiRWcmyjGe4BVYFKrLuckVn779nGJtxMYCcS39GnEGWJD4jAYiNuejtTPpeMv7qRXmWdExSfq71MJ,2024-12-03T13:07:18.000Z
Categorized Only,EptdbFawasLKUYhqM2zVh6rDtPyNxFQE5ZhU5XcNokQY,Safe,62sbqiRTaivbYTqipGRXMfArjg6xD4KPdsFFE9vXuwNsA6oW5GqBYReK9JbfHY8cmdFiM1BSacoxnqDTEGDF64mz,2024-12-03T13:07:20.000Z
Categorized Only,BtMJXXiHLaFEeQYDik6dMhqg3aYxCzdusBmiixbLomTP,Safe,5fHmww3BrEfPo1e8r7zNCLJJbUwgH4bBGzu311bPHd4Rxe9LhNsZzsqsKtwamgeT93vDpzPdq6xbockdSKkBVxsR,2024-12-03T13:07:45.000Z
Categorized Only,7WQakeR5vGYMGBauyQKzkDarL2kQnjti3ZGBp8E3RLsn,Safe,5WD96CB158ygxseey6QEYsY3bY31XE2P6FBfEDXvnG9w6tAP7BTcQFSzkB5KJvnS1Si7yzL5Qn9aEdXXmW94bqxM,2024-12-03T13:11:35.000Z
Categorized Only,BgATJpDgeDjk4wojuh9q1aJkFx2H74Mbg7DNxnm64qm1,Safe,5R34RNvrvwE2uPs3inohrWwcjgXbPD9dpsT7nett9ojNywjvXJjBAqxYKhStoWgHHnSLCjXJMYubbRZL1YDXtBsv,2024-12-03T13:12:23.000Z
Categorized Only,36CXXaLRQQDaLLA7bzVDWa2YvyncMfZWraJ5FkyvonDk,Safe,5ewewoHYsAnPkibx7BQSWXf8VSa9MzkPMUhk8M1SgQfTerSvF5H82r43uNfytnxLMsVzJvcXZTTqRDdtEoSDe4sR,2024-12-03T13:12:28.000Z
Categorized Only,FPaNmzjA6i1A1uf3gyJ9rCfk1v5tWiniiqCjUWCuiJVK,Safe,34reWzsr7SggfEhpyWn7Uixebjveo49pYrMYSbsYHYzzVwpr6tjRYgrWDzf5Zkfaxnd2d5cpUPwUou2gSZ2N5Rac,2024-12-03T13:12:40.000Z
Categorized Only,mbJcKzmw2jn24tZUDYdJhV78mqEG4HAg1376TmW3M74,Safe,3ACUmL1MG18UUqV4uvSFLppHYKPCPDvGewoDjg7Tbz94LKRaySV4eMZ3tqN12KrkX5RjbKyb4CM9uEv1NpY7s9U2,2024-12-03T13:13:02.000Z
Categorized Only,976aK7pae1EU4iJju2DJfJFsxTdT9Wc9fw8wa66dAeNE,Safe,6J2Th4btv4aFw3etUhsYWrEs6w59FJKorFo9bZpUDkbD2rLCfGuxhDvEjANMYCouuZxuFsUMzFRxBCCZNSwDy1A,2024-12-03T13:13:06.000Z
Categorized Only,CT9jbPA2MV1WbBQFnBDXsoazTBmo1UxTpX3uiMM4SccR,Safe,4XdmS3NJMCsPpFoorc5e8jeVvyTbMSaKwKVFjrHLgotJP2P2MxQXRNDWd35zrDsv7srspMX16kG4EQEmvw2Z2ynm,2024-12-03T13:13:34.000Z
Categorized Only,8zKmbLHzw7qpSFCVbMA3LXHE6WcDq1hUasgaW8nPFQ7T,Safe,5gr6KiwHF4C1C7XM5ScaNogFsNXVaRfEonpnnBuFVn9LhX9vH6zdPwMno8x93bJZ1o6ExstXGDu1PHbXCKxGoJPa,2024-12-03T13:14:11.000Z
Categorized Only,9xbSTHKuPZbLRKnfcQ19qaooSyd8TCYBhaLehAzNrnxd,Safe,4GsyPf8wym7iawi6E5bb4nyY5XBGXS7xkGtT5MUP7qr42q9FzMynsjMCd2gARzUsnMStNanSTjVhRQUfzZ8oszVP,2024-12-03T13:14:27.000Z
Categorized Only,4qiCmotBKu1ZZTrPhrihHAavbvEfsDLc6cZEpG193uH4,Safe,2mrp6tTPXn8tCTtzE16yWca61i4s968CRfEcU4deDfSh6zeCiJhJifgQCLRbesHFb9w2so6BokGCDQRVnNbTqnW5,2024-12-03T13:16:44.000Z
Categorized Only,AxrACxWtitYdrRCaB5eZW1uBZbbukzZGeVi3p5vNyqv4,Safe,5b1tWxzmHkYJ6kqtpsDx4e9q7Yu4uAFJfn1dxzGv1JwNAA9kyqmkk3sKgTHKbhCiDdZAcKzLomfdTxXa6trNLpAz,2024-12-03T13:16:55.000Z
Categorized Only,6SZkZLR19b7UtJg4wsFa7fKBw8xDuT5pnY7qQoCgceT5,Safe,2Nr3Vh3ZiquQz26hS9S6m8rZGCSjY41d5xCczU1LK7CpUMCW3LNNcDZL3dqVxYwj3w8jkLqHgrxpKF5aCDT9WxLw,2024-12-03T13:17:05.000Z
Categorized Only,AKHyMqcHCM2Lm5WFbpsa7io12pxBcVJtNnbs1dUigQ4L,Safe,3SvmLh4hq3ar9SskC5GQoKFDzcqzc7XE4k9DXNzC2cqhmyMGm6nyk8nqTqpzn9Fbu2WXJg8iJtc4QHZBxd71hFMC,2024-12-03T13:17:21.000Z
Categorized Only,8FmDwf7cYDUSvQwdsVjE9pS4CLL3LiYAyWA6CaA4zghV,Safe,3MZ5iUmqApWBfLVAL2Qmc9Hrx1jJX6q2sBRJNUdyESNuCbgmDvTiS9gFCWVZBYj9NhePruC7LchfqCnSHUZT5K3D,2024-12-03T13:17:33.000Z
Categorized Only,6JBqR8DKHd2fz3mnD4cNNKfAsioQUYEPut6pe3YW6PV6,Safe,5JBvdacqhGMnUVsvPnpheGxDq4YLNRLpAL75sbru3jBLFmfLa8SyMZEZHZJJLWWDwGyivLBpcSXp3SabbFVeGats,2024-12-03T13:17:45.000Z
Categorized Only,H4vfiDqzV9nWj7GoLaVJ7RzT4CF2TpL1Qtede6TX26Um,Safe,3YVPF2WbCqnnWY5hPbKWcDXLQMBbTwBNJaenoj4dTuR5Uqvj7ShcCSF9ngnqgf8FyhcF4pheqeMpbG1XWh5qhJsB,2024-12-03T13:17:57.000Z
Categorized Only,4MJmBcdA8yMoyDAKbjGyX8Tzxsiqh7CC2XoAns7bk2NU,Safe,3uuQkNQEF5pm7sqzcw383WWUoQzaXEmxPMVRFZ1dChqrgiPhg7Y3sckMWdLc6Ru1jqcC3JCmAN2Qb9h9tPP5fotD,2024-12-03T13:18:14.000Z
Categorized Only,6HpZMHcry6q1vER3Kzwgsv8bgjKhrJ5EBFjNCtGzPsLt,Safe,4yfBdPGNYP8BV6KLZJV1JZSPqGYZYD3cGFzJS9z3KR8rXkNyPLpRvS1tMjvXhEtX1vSrGKLjZUsQKRDjY7a9e7Uc,2024-12-03T13:18:30.000Z
Categorized Only,5rZzKTj85xywAA4eA93UEyxuUS8Dio7QFRgzMbbpVHPu,Safe,5aGcVbWd9e96FaqhvsN5tHKnrXZq3xSFs3WPfLbu6G7kUDUQHA6roveMmLCDeN6fF1cP7y7No7xdmqXxjEnsNKb2,2024-12-03T13:18:31.000Z
Categorized Only,HPUXpDWdAecjhnbZFw6bMjaDmS2qTtJv3ELU6dwT2r8a,Safe,3PUpu1ZJ9X9WCsDpwicYFAZt6gYkuEqg8z5tSVDAHqZY6LDWUMzf2S4JUpUqkcDXrtsxEYV5r1wUCtC4MQEqKJ9W,2024-12-03T13:19:14.000Z
Categorized Only,nHHC1pv5P3Cw8a46vnuHpsCmG49xmVv1U74CB8bHQzC,Safe,z6Vxez13JxguRFpMgJec7j8152UtVGAKhbHMpBMGCwLtxifwrkjkLekjSDYz7c5BYS7tCtPkMQVEaXNMXsbzvX7,2024-12-03T13:19:21.000Z
Categorized Only,FZDDZFueSdZBz8oZ7mAeshoZ4b9P9sX4q5hBhzCD6xL5,Safe,2BrogndiRHxZgvkWEYM68MECARDUzMMuw9e1MJcXbx4Qoxmkeub1wbyaFURk8bqbn8eJEEzAAEr57ekDukpdFsik,2024-12-03T13:20:27.000Z
Categorized Only,J6HWohtLWrWk2ugYKeAXPvTMYBbircvr73Hgkf9JNoCW,Safe,2XSQ3upqFhNd2EQ4aXKxta1QLmSyRNVCxTR9CxZ46Zt8QTp4j38D94JrKgKCr2zHEJ1qtSiVTPgXMUiGePdBbbWy,2024-12-03T13:20:40.000Z
Categorized Only,D4w9KCrAcHLeVuX9dPsacs7Uv4GN9vaRbtvriumPUzdo,Safe,4dXA2Cs5Ai57MteMMSr1xVgPxvvzdX4hHGMScxyoBjAaVfG5ACMvpmkNxuY6k57aKegYyYRohDTtxPiN1Xg6Eavc,2024-12-03T13:21:10.000Z
Categorized Only,HUq8dc6jpc2CqAzB6ity4Zt15KK8cQAubW8kfZQ3kaC1,Safe,5iFrTvtqQA6JJyrJq7AwBgABMXtAAMxMKSpHqTWGy394vSofnC2QyoouPS3m5Awqc1szrwViyTFH3u2p1MMd8Xz8,2024-12-03T13:21:19.000Z
Categorized Only,ABqsRoGav2g7Exvhoc91pNhNffRXDydCUwLbChRsUfcB,Safe,3JzvZiCsuGWEfqvCRab8asWWRfMNwzuc9innmqYhxxuPSCGyTRsye4VpmdLLz8GN9vct8XRZtxiU1e851NWbLYKX,2024-12-03T13:21:33.000Z
Categorized Only,CHmDWwbXDwKcjX8Gu5ZKzX9NPK3nT7oX9Kf68qKgJQUA,Safe,3dn79CygcCeY6FP9VtyqqLb7LNWbMLfiVC92GiJdCEbrseT45EdAU6UkZBxnfbrghks7fw8kFbMXnpbxhwdFCqMi,2024-12-03T13:21:39.000Z
Categorized Only,8VmZfJRCpXPf565DEyAdskznXZRhQf3ZTX9CQwBjijga,Safe,42PUK1J8XMPMWUWsJBwk3Rz2AvcH9AmivpqQEyyJKPQnA7VTGqb4cqdFmyaU7SSgsvXtvB9zDG1TkVpHuV34mckL,2024-12-03T13:21:53.000Z
Categorized Only,26FPFZXRzRcS5DwjH25MBrAQsrFY1AiyggeWggyFL2M4,Safe,5XnS5VLr2jngFEWamZGbE1vN15Gu1aoYy98G7kGQFKUaTagwFRAcqWGRsHzRisC1EbkBsKRFi5VHR2q2AmLVxcBd,2024-12-03T13:22:27.000Z
Categorized Only,CQi62E4KxEg6wxXHgNyP5qjTcKQbVg8gYsxSZXswt3R1,Safe,GaCyhawcEuiKhz1AGsaMqiNJscW7SkUiu3a6yBCp7xLUdQSJtFswobfWQYmQ44KBzoedgHTMPFxERLgdJJMkANn,2024-12-03T13:23:15.000Z
Categorized Only,B7uZY85pEDUfpvi8wwRSmZp5hjY9TZAGWZvePqP5Ja8P,Safe,5Dej5toyvvJKFAhemk9XsZZXis4eS7TFsM38fWXWUHuvje1dhcvq3tkcKL97kqcPkGd9vtLhEEfc1TGtZvDjhDb4,2024-12-03T13:23:17.000Z
Categorized Only,9pGSFWTJqttVqAk15AsYKb7rQpsdTgqh13oMmTwpRmd4,Safe,q6YTTgFDoTaS17U8S2yDSAupVpUVWEUWmQnw8NFGoYTZhuPpRu2YQs31STZwJ1hQKp2F2vCxesuoiJbS7tWnkKu,2024-12-03T13:23:34.000Z
Categorized Only,7R6VGHTrKUFPxyMqqh2RA3yhCQR859DAEfo5TTcyEMwo,Safe,42VXYwP5cqqZAVrVMdoUV7rFy9NKtD2i1jRueC9wwuVvoXiJ8W9e4T5pruc5FMvS5U7RHJNRwAthYxRGz3LLeRDV,2024-12-03T13:23:49.000Z
Categorized Only,ANfz2N26i92294AUatUA6BFsLH5jnyfBBJ8bzDqcUvgy,Safe,3GXuicRD3xgGSqojAwtMyN57pFcVSWz6sJFYrZTLUERbSEsZJe7wqN9ZKKFtH6TGknrZBMFu7554bW8END5Yvbgy,2024-12-03T13:24:53.000Z
Categorized Only,7PoMyJKPhWzSKJV4M7XzGyW6BRb8rJ7zHqLWuPepH2ad,Safe,2ccAnct6Nxs1aLAx9xJXwkuN2Us1a465ZwDAUE4CfPb7MCFjrW8czdjyRmjRp1ASg483ijN8YgDDxsZ9EC63DP7w,2024-12-03T13:25:07.000Z
Categorized Only,ecyQVKcvxhiBJ8eLacSonbPZhjhMnGuPLGivRVLCoxU,Safe,VV5Zk5rAV3SYQX6Qi6LFCXngHDGi4iGoNcbkE5XwZ5YS1FSanKPfsEK8Sh55KGKJKLN8rtyL8qCg3YeNnxTMn4j,2024-12-03T13:25:46.000Z
Categorized Only,74C1YFGKt9bk72xQexhfVpTc22MUBzCR9crJQd3XZvUc,Safe,8dRM3h9YviWBUBZtF4L3ynqYtVKSyfjR4yxQwq2pmgLgS3AfubbQy8PJBxCtWCFhX3cLitL9nsbCsYPp8CGn992,2024-12-03T13:27:03.000Z
Categorized Only,8XpLACcFL9sGXoGorK3ohVmwAdyX3kH4QvAVkUU5koG5,Safe,3ry892YvoaqWUQoGUnk5v9vnpmyY3M2TTLenYzdeyDHRtbEyRj2dufdBY5391oNJYnCmY8mRpcJQxuhTMiyi8RHW,2024-12-03T13:27:20.000Z
Categorized Only,DJHXRhbcsfSrW9iRToMzKcsto9DSqg2RMY8jbXQrNGzC,Safe,2qYkgLMaZnh7DJyFiwHioWhRfKDoLnZCmqrWMZXsmyyNu1XCqSZCmtJemnSUbkjeqvBPfzef2HrU4tzdZFt36tes,2024-12-03T13:29:04.000Z
Categorized Only,CLTbbFZDmAw7xWWQhtrhPKYcxScxy6NpyXDNjNR9y6Rn,Safe,2uZ1DhxATWic1A4PZidBZ2imXrPAMWuxduCh9qN9H6kE3cNxZr7DteYb61zwtuPx14ktwuBN9BKJHC6arZeuCjxD,2024-12-03T13:29:20.000Z
Categorized Only,8m16Vwtf9YkQuJDdkQqohWrN71mwrCvFkRK4yS1jFEah,Safe,psfNXjntQH7pirhbyi5a8FhnJRZ859NxqhTes8hxEyKnt7Gpe7ExonDkNRVjXrfvdUngrPRRB6xdLXb64ZGDRGm,2024-12-03T13:30:02.000Z
Categorized Only,konBEBhiqNFZhEpxgkCUqm4vsFnovwiuCpvmXSNSfdU,Safe,2fwuxp9MWR7ZVY2uhZFyaKBSxZcrfXDGMHksdRWBETRU3QCWvjnqLXvMnRgDV96vexWGrT9W2xmdebhqcnib8WiS,2024-12-03T13:35:35.000Z
Categorized Only,6ZqoHiPTAW5XSkBBXPiPWfyiHsRVq6hSQowAFSAXmVwN,Safe,44xwpBHPuAj16Jz8Gi2HVyYCqFMgwHkrhmgniLsL3svqTT6nGBWfDMqzMdELpFNkgXyHFy2NyRJXbg2hKsnZwQ8b,2024-12-03T13:38:30.000Z
Categorized Only,6TxDhXiaDGoNxhABrxpagcpzMRzzUW8NCDDV7QPfqPPA,Safe,2dtdsKYeRkSq5F4UNJzDiTodzbVh8vTXrWTs393EtN9RBHqpJcwft8Ks8LkxRuFCppPdeBjYajbpac6hFZuQBy8J,2024-12-03T13:40:17.000Z
Categorized Only,4oN9gHdGEPfFqaC57ssfFKTzfAREosM2158XsL9bKEMx,Safe,5F3VDoSJ6XFt6TfJwd92jk7GyFPm2Kv4DeTuSaZiGywFuemto9WbehHvptWoNL3Jwr6CrwCQ4Zvw2rZckpKkqbxK,2024-12-03T13:42:22.000Z
Categorized Only,Ff5rjGGLmibwmtHyqA8JPppvKzBu2cQM5kAyDvgMP5CV,Safe,521nBzzb5rmFpo7fTLYcMz2xKCJ3Ffy9ovsHcsMSJ8PKtZayfBBBgVF9vcD3WegNAiTQWLcw11K61TFCBf1za8bU,2024-12-03T13:44:26.000Z
Categorized Only,BSE9fexTintZ1NfJvbZQ1X8kZ6vDnLE4LJxXFYx5LWWu,Safe,42FqcvT8sr1TTLsL5M9ENcWQjCe7mZLdBqohT3UKgxuPYTqvqjjMVqbR8zB5RrCpBeYcP817KXjEgCD85L8ATHPK,2024-12-03T13:46:08.000Z
Categorized Only,B33h16QdPyVEyqHNCLqK8r2KsXdtLAJF3cSe3sYdgQEi,Safe,24bMSjEGHwyhDGAK5AUYdAUgMSEphoGRszTVcydmxgkxotMy9iYEMAcDtz1G5MXVsuqnsRGNSGkiJZwGbeUoB8C1,2024-12-03T13:49:09.000Z
Categorized Only,GtzcozCySPVsA5AeZqQc5ax53Y6LuqfZQRMr6V7b4C8J,Safe,3Q1crdqbNLwFodQ36KEntpbDNQj1HtyCM9hcSU8FjeuJjvyqYc4yN3DAtyhKNiEk3qF5qJSX28CSotz9jKo1gta8,2024-12-03T13:54:07.000Z
Categorized Only,3tPc249Pn8PDnW6coowJKEo3nSjFAApbrpq3cnJhrTu2,Safe,2KU8VKDZR6vw7RV9FxtyAqHXPcntXiaVntwpjyW1DKtW6jzV2s1Uf4z9PHWeFHigkQ2EsDavPofiRpytKE1GSuWL,2024-12-03T13:56:09.000Z
Categorized Only,C2pH4VvGEvQppt7dAt2YTTvLnBHa5nS7v3AcQ4Panakq,Safe,5kqrhKd34FYZBFVHfDqBFpNM8KfJcLxdvENPdiurYUCqmjraE6ZJn1D24pNTqvbV2wyL3PYnwWsMFfzabUaXDjcG,2024-12-03T13:57:12.000Z
Categorized Only,BwMmbHf6UUJ4RBLc5VrZMvrtEvNbTWg9MKjTxqNQxFUv,Safe,4WH84VbqWXwSB1ZaKvXW73fKuy52xQKqYC6Gg5uE6aQ1nqzzKiRoiByfJGV4A8ohMBqeptbTqzB5mWoRVX17gweN,2024-12-03T13:57:50.000Z
Categorized Only,27FvGVmUr89VKKiTjCyaUjepQuvDd5NvaBNPaaiAJbRc,Safe,5cysMbg7PGRG3DxxEDRV8q1ts8VJ2BxF6yb1xRnkcP4VuULY7g8ee9dMT7VrCwuYd9AutkSJ9SmU2Xrezh3KCTDL,2024-12-03T13:57:54.000Z
Categorized Only,GVxVhLgRncoqaiJZ166hczmHVDkgKzHKcqhaY6QS9PTr,Safe,4CQLWqKvtJhddUQaHuvdRznjXN7pGa6ktmdQK2BXch9v2jdtnHxGMeBa82V67pqZE68FQoJbn8vBfqLHbkSAF5Fe,2024-12-03T13:57:55.000Z
Categorized Only,GuspuQiQC5PEGqSjSxAwgbhsEdtzZYMWoVFWGZ49psoD,Safe,3YEC2x3vyAVUNG9mUPvPQrPPZUGmysHf2GFxhRDtYdyuXWJE9ZGmEBuwrPx2eCGEPXW6mjPfGhX5zTXwRZxXY1z3,2024-12-03T13:58:18.000Z
Categorized Only,AxsgsJKSwoH43U9bVujWNXePe7qbFGNjJqhfjEzhwSJR,Safe,2JhWuMQLtARs8goE2QPKcPUnfXoFs4AGZwAgFZSt32NtgcLi4uWeLkTc7gdgLE5sjLuaepXKyb4QanUZXFEVr7YV,2024-12-03T13:58:26.000Z
Categorized Only,5duASUiDHdcHyGCT7NgkZFyhMVZpCL3PztWbCDtnQgZU,Safe,2pMQBrfkm8eSdV2ZitS6UHZ57EkH7czyBaHtoMk8JcWTb6NixbXzVZYgouUhHNoVc28zg8ku2TJEo8Uu8uKbNCBP,2024-12-03T13:58:33.000Z
Categorized Only,JCZBLREN7XnHkge9D6bSaJ8rrERXLoV8PM3kttjWpExY,Safe,4j4yQQV3jGjDPUQDCTHrdpzBiNhT44CGjyqJyicLRUyMDKWBpdhUWmG3hQEtzhVkoVbJ3fd6gPY3NxKtFvUp6ffx,2024-12-03T13:58:40.000Z
Categorized Only,4Yx1e3XuDt1uosjXwM4dhSf3LH8uMMNQNgqWT9W1XWZD,Safe,79pTVSaASTDmp73DSGAxaFjXT8yXX9KLXWoM2THK8pGUnwXHRRHFQrXY55zDFWMVK3jMf7Kc4iPG1SvhytYNhwN,2024-12-03T13:58:54.000Z
Categorized Only,FDYzQbuDfTxrPU7aZNH87p3RDBLZo95obkzxzRFQuycw,Safe,3q9baST9LaNHJeEjbPrEJXmWMLWGJVxyybu7WFstaaEeK9KQK4Hny2EXPpqcH2FhAQ9rB1x8BX3EDCLhT4AD3JAf,2024-12-03T13:58:56.000Z
Categorized Only,6hjor2YTJ6jzR9EiPT8yRqZYCUTadvdpZzQkmVoXL2u5,Safe,PzzgwUEaJUMWS3MK9Gg8b6KPSyLTApExbtsX9e4N1a3TtpbwHSQQ3MQj4Xnk3jrzjYNZbzu3ghMdzLt7HQGgghF,2024-12-03T13:59:56.000Z
Categorized Only,HiFACNYMR5SyePYjRWi7rqcpBCSBhRUjC232nVzSbAnc,Safe,2ZUpGzSE8F39tR2RCk5VpRQAZ5AHAVdCvQfiXdReT3Ux31NoJcbgUi3GdgFBxfxEG5KrqU4AZ3VMzCjnwzrsN3ij,2024-12-03T14:00:15.000Z
Categorized Only,79Lmqth1HDcmcpgWCA9ji1P6sxkSCirvLrvEYYnbfvNz,Safe,4AUfBCPUNc2uyPAXQiVbqceFEzCyr9UTzZraXxoYY6Y1PRsfEeDK8YMcyFozVEzw8266xFC6sa4AAkH3MZ7Qad3j,2024-12-03T14:00:24.000Z
Categorized Only,Dx9FMC9HHUSmzwL9UmKEA3BAVD8kqJoYqyN9Z9khyJok,Safe,5D5Gf3czrAmsvCubQdDpT9gBNx1LVtMWFSJ1SrKUnHAWVKMNdbrCUN4Fj1CrcUz5PXfPEuNCTDJKgzR8y4XCogEu,2024-12-03T14:00:36.000Z
Categorized Only,6GpegMd3k687hUcHqqbqx9BKRNf4bvEvXnQh53egnvL4,Safe,55f3LSRy7tDh3E5cbzdRcPfR3xxUKuPz6r3bHxjttPXmNNQnCZFWb6b1DotbyyUpo3chgwn4TcZZF4mzXu5sNUBA,2024-12-03T14:00:40.000Z
Categorized Only,GRmDDB8SQbdieDVQyHmB9AqigejKLPaBwrnrTqMTuiE8,Safe,3q6k3rhXH1uW1roYWoqoo4S8qgiYfAsQ4N4TtkwZxPPx5ntk5HfhVZQXvfYZqXPqpDHmTAbViEE2MTScNbSJHiYC,2024-12-03T14:00:53.000Z
Categorized Only,ABDsv8zM9KLaHB6Hs9zC8RrhwNpxnx17QvJJo17h6eVk,Safe,5x6sEKG17Ghq7m6yL478QvcdTAjmLnejvt3ZFVu9qmskPDN7W9ZqQsNACC8AUstHeKiVrangSEpFrWha74kUN54t,2024-12-03T14:00:54.000Z
Categorized Only,B9HYYDtA8wFdDhoTcrzGxn9UA3oxCCA4qkyFecoo4Yxr,Safe,2pXqWcBv28DbVMWYVxTzuwYVNfSvozXLKJags3zv9K7xCtnmVJXXBD36ip6SeUDda9N3L69pD1dopbhn8o5zAnFD,2024-12-03T14:00:57.000Z
Categorized Only,5FyBfCnDPQ8hKR94o4sqVG1hpj86zUjTYWhVTs2fqHaN,Safe,wsFtmCck1w1ufdxPaPBVTdvfHc1x6pG2bdBGdGkDDVCNRkuJZJqu1N8o4q93dALkFjWYhF8ZDTMuJphSvGfWeSZ,2024-12-03T14:01:12.000Z
Categorized Only,AH3uFfnZjcSLkCembmw1QFATxPyY6Yw4fFmaLzXkJ9KN,Safe,2gMmA8EK1XkaXjLZNhMEykdxvyvohwxtpfbKJkmunoUdq4mCQsjq8w4netNxzk6QPcRgXUt3XwL6pxYeLxzxYwrr,2024-12-03T14:01:58.000Z
Categorized Only,7oK7nPGn7vrsxNY8NjTy8Bpp68zTFbPWvScqdCam179,Safe,5QYaUJdjijxutrPEEUqo7c8huhLzk6DhqofM687kuy8abhG5mzj8374E9U3hxAyYVqo55B5v8QHAUcEnDT1L9Mrh,2024-12-03T14:02:02.000Z
Categorized Only,DjAVNanJ7rjM5zmCsRQ6iapCymnqrCCMr3dzJKqRcR4r,Safe,dH7gimnNqetNvyHikPbLYxg7iMYgwpHPx9tr43ZwgHnA3ng5swHbfdf4AHUF6R2aiDdTgBUubuGENEXFbAiXVfQ,2024-12-03T14:02:07.000Z
Categorized Only,DpxtC6qQDSFiSzEh3GafFP9AEtotM2CN6B9GpVzbxPXf,Safe,5fUrJ5ZG4Tt2LUKjNEBwASH1JAyjE3R69eTvpMxYJswdVvyxrXcpX1sF4vrmfb3PdYkpqEfn4nSX83cNe56Nmu52,2024-12-03T14:02:11.000Z
Categorized Only,DqBpwijTJGZGATHQo8PGAjZqG4zziFyhADQbFeecv7Lw,Safe,5X9VZSi7Yu698CcFExYkBgsDs6PMUwe2FHFHgzTUV4ouMJWVJGosJeooJ7YHRmdYApnDxGN2vwg3CXELyhhVTPrB,2024-12-03T14:02:12.000Z
Categorized Only,BYxghtJ58sZe4DcnNy4EviV8TLVGGwU9194F3GEE2eiV,Safe,4zHHK6CZKaZMtpuxqzpfVLfNp61pCGur73R3q8UJPJYFPmvsFQmS19P5ANMVDMdtsBDHtL7xopQJCvXK8sVnrJtR,2024-12-03T14:02:17.000Z
Categorized Only,9WPNSXxqcWBTXDHQ1TxLM2HoESUCoC6H8geAKkVdHrTy,Safe,2ty3oYbioRzTfWDnsGS3wJTzsGudmvbAVQcc3AH7fUsMmArzi2b3R4amzrRFRXVhWmBoQN89P1f5jwrccCLGmPXx,2024-12-03T14:02:27.000Z
Categorized Only,D1tpVC3YXWEjLzvkGcWFf71UhMkFZs5vZu1dLjnsK4BW,Safe,2Kws1SWWj9tszoYqmnF6LQkWhDJ9AnC3PZQYJ4xCohLCw9TS6pz2BCFErku33ojKZU4jqaw2HpVYGnnWz1MjiLnf,2024-12-03T14:02:36.000Z
Categorized Only,AYVH38Q5276MAtmC2VqCWW9GFNrZsFCPU4GQEnMxfRwp,Safe,4EtXCahUPSdizatUaL2G2bvqqLCNx2fM4Wrs2aJ7vnu5rZUstTP9RGQvSdAboYEGipZyZuaT3iVMyvN9DZtaGi5N,2024-12-03T14:02:52.000Z
Categorized Only,wMyijksMshLq6MBG8kGK9F6rjy5xbxPXJTWX9J45hQK,Safe,3FkzC1XtX8dynMLxxeuZNfuir4Qq2ViR2NJbXkY8gXthpwL1bGhmAL3nZ7DbzofKM4zJhonmMbkVPJYRwC5DpzfE,2024-12-03T14:02:55.000Z
Categorized Only,FjpXgn1RLvAg8Cnz7eKYGLNmZTbiqj7ezLRi1UH2FAqx,Safe,4qZDruuVKoVduinJJXH4HnP7efrGvkEvPbY5pv937t1mtuFDLMJE7HaDqRRCwXCGYspkhR1drFiWzRXxDxNfFUuB,2024-12-03T14:03:14.000Z
Categorized Only,GvEtStk8T6axeqouoavB76HuALKanEJ7nABQjmSNChEp,Safe,4VFLHWxksqtrqgYGQwhZA61QYPdkueVp9qTBQRxcBFkGivt2xbKcNc6c57FznViP1aDVRpCnNmP7HovMQDbFk7Sr,2024-12-03T14:03:34.000Z
Categorized Only,7SBh9SXkP8CNopkHZPnm8kSuN85SFJQs3zdRSb9CSSDG,Safe,3g7bEtRpFUefwCGmd8T8yuwsgZvHJhz8tyQQwxovYaDy6qXhLcrd212azn2ozYW1FfrTMvtNCbnZRghPcrevR5M7,2024-12-03T14:03:35.000Z
Categorized Only,9BAQr1nkYrsiF7UHc8cPGYqDwasV1FFVagjS3F23ZN7V,Safe,UiMhxaRof4TfE1i2WdnmUn1vnhEpZj7bzbhwYTyJ6Q6t5az1nSvkznWPM6kqryVLXacFB7gCgJu6iDNmUtjSNkv,2024-12-03T14:03:41.000Z
Categorized Only,9kTDXMktxmCGk6JkRfwbotvCnczKmJKM63PK7FCR233d,Safe,4n9Jr4oT8SrGChcYvEKLyJdsqESTphoVofKgattiVReVSNxbFkWr9EfwurLZZ478m3zSYQaEFJgdnCMZirWXijqM,2024-12-03T14:03:45.000Z
Categorized Only,4RCR6pMdtp1SgR4yKRkoWp6GpVpapk3RAbPKq8d1Cw4A,Safe,2RGSLWbW5qtoxpQz6d7GZQYLjRFgNacDfdchm3kkBn38chk99fJyoHiE6SnyHDsJcUVcq33zJwZd96uKfBRogWx7,2024-12-03T14:04:57.000Z
Categorized Only,EFy5nPxK3ZyRioViHjVLrTh2hbTzuGDA6qGk6Kd9MxrV,Safe,2JxD1dtJtEvVawU3G6x3RWN9rQx3VuxFvsxz3hcccCNZ81LBhVB71QkGMMUftnsRC9TBctJDqmxvnJ8cfkAdq5nn,2024-12-03T14:05:27.000Z
Categorized Only,F8gSdc6Q2zEpmapWuKQj2N2H1fgvr514p8w9yxDrEsZV,Safe,KxJmud3zMNFyM4rfNQJ4xubEZqgFcSLbEA4Bn4W4BesmGb6AKQoZa4AhxV1X6GJoEzija9medtwE6zeFL3atcPK,2024-12-03T14:05:27.000Z
Categorized Only,BjgveTQrN5h69JwQv7b7imYZ5hhBeE8hxaYyR8XQWA2U,Safe,65kzypmhbw3zp2ty2kSiKgUFSonAmuSgqLj2HQ1rzLBQxjtvgNveMCPc41MrTooJkRsDwnRdACHbBNwagdiQTpWz,2024-12-03T14:05:28.000Z
Categorized Only,824u81kb2HGqNtoccap18RAeHS1ULHEgGAaF67Wbghrw,Safe,652D1fx1CNKetYx8mH9qw27HPpinuHJVjQMjreT3bM9EscRsqBazgdpMQbat5RqHJFHNcrqQttFKZuwxyyEVT8vR,2024-12-03T14:05:33.000Z
Categorized Only,8S6fwQDjJzUU2RJwx9MeGcPqSxsE8PW5Ggx8bFrL6usX,Safe,4iTyz3otjbukmiqRiAnLrw46ZWe2rfFs5dTriG3Wm8JP323xp4R4scEjaynuRYceHks25jzZQkvrHyiCaAkC3TWu,2024-12-03T14:05:33.000Z
Categorized Only,FyGd8pTGSZRTAsZ6ECk2Hk819kaocHqaa23S15iVzivJ,Safe,5sRJsjcPbWfB8esqzzz4JeGqBZCTWzQjQ521W1PK5CG1o5xHJ7b2j2pNnrhJtyQa72SVa5x5Pd8Rdd2UE1UfkjMU,2024-12-03T14:05:39.000Z
Categorized Only,BbEQJqeVZWMimGYc1PS9L4p4CJ9znsmpCBiDfzpXMV7F,Safe,5KS4D4hWn78ScX5apCUkqsfX2UubN7MjMEphEkhRt1aEDbdheBixqK8YFoBkdqTYMyDi86RmoqPKZ4YotyNphTes,2024-12-03T14:05:46.000Z
Categorized Only,J8MdvEdBJwEznCtYfAxH6PhYuo6FXWBL8G6xM72Bundo,Safe,3F6yMTh4d495YXsg5xn6ncMYqzfmGYwdgRZZmRu8PULagvNJDiv2jkcUiNJcyP4WNCqBzJysAoMc4JjJBjiDWQZh,2024-12-03T14:05:46.000Z
Categorized Only,8vfvBoW6MUtzq1PBVHqnroRZ21QupMJJkSVF9H1wmfbd,Safe,MWcJCyzgr3MderqDdWQgEcc18okiBiRyobp4rbwx5UyrHXsKFoeb2DYaNk6JmmQQMhLuKaHWaVupMZoEvETmGog,2024-12-03T14:05:52.000Z
Categorized Only,4d17vgf1ZA1s3adA3Ui1HBZttHFJfB1WuKh9wSrCA9Ab,Safe,3YPDxiZkn9Cekv4cV2uXbvVoy3afPEcfiPeijCQxvUnmArno4ETv6NZiunWHXhGyz94cPQRvfefFjjYk6ZXSNoLc,2024-12-03T14:05:58.000Z
Categorized Only,HFSbzyiEGGS9Dq8bztMBHNM9veXA4VeNTi8YVBWwpP2C,Safe,2oiLMb9hrMtxqJ5GWQ7Jjd3XWPyQCa94es33BYvnXArhapGSWDDiTe7CDMrbxA5xBzPWfSDDH17UPtd7JixkuhVd,2024-12-03T14:06:04.000Z
Categorized Only,GiK5pCcGZ5QwcCfNXQGn6NmafzJt7D6xqTgTHXYF1TdC,Safe,5pApHLCyxoDPrLU6y5vkjUH6FCbbZ27cCWDC7yNhVtFT35mxCNYcXVJ5XQAoyTdnHnPiUgyh41XPHyfbAomLVMcy,2024-12-03T14:06:33.000Z
Categorized Only,55moaLmK4znjGkpixvT17uFrKe6UBULCSkiJ5uDqnj63,Safe,2kk43yaZCkpE61hFX1QdJdcZT7oESJ28KGDJQtGcD626gdN7HwkAXyRfScPXMZTLNKhhPBVvfzoYD97xyDoAsuev,2024-12-03T14:06:36.000Z
Categorized Only,9UcnCzCd7KnJDAKVSbh4bgqgWXubjnSZRUvoRQysCNoF,Safe,5K95ndcocCe57VHucQUGX1CTryGDTbb4S6Ei13x9pLvrhfAPmznhvjomaJzgLHTGKN28u29wQLYMcP3AzVZyCsZ8,2024-12-03T14:06:39.000Z
Categorized Only,6SqparZdJ6qT6KcKPa4fRaamxzVBXAEEgwUT1znm3ZDc,Safe,5jzP5h17XBT1fLYXUUFn639ggHPMM97U1K5hUeeEu675JhuKKp9MMptH1qYyKibbTAabNYdhmYGnBzhPUwSefoar,2024-12-03T14:06:42.000Z
Categorized Only,G5WDgFExRX7AA3LiZ3U2yPZUqaxCrsWNztwGLrCbXPEP,Safe,63737ag2D2xntRUzHYWY7foRxCkegBN7K76VWE4jxwNCAVzoPPnLVrGXYwXdFrD9mJk9PEjPSfhp6zdupJB9LPBp,2024-12-03T14:06:55.000Z
Categorized Only,H1uCPZaFEjtgwMEB6cthGVaXfK1dRfkgxDTJCfTBRUEJ,Safe,wju7LuRTm5nw85vXpy3ZG2tE4xceNbF7x9k2z6tCw2ji8tckHWJGj6d5859WiE8mSzDCCJB1Fyq7hUAHsmmPuRT,2024-12-03T14:06:59.000Z
Categorized Only,FanmqVndmdsg7f7bDAdAKMdJbwWXR9sZRkUptjZvvNzT,Safe,2iQzotGHnv11bQnwiMNT3fKfsjDEo72RFMajnYQvPbMkEegEi91ZMQKiXjbYLjsgEviKanPdvWUHVH7xv8Z23Hcs,2024-12-03T14:07:06.000Z
Categorized Only,CQgKaQohupaMHvSBw2Hut8dfzuZ3WniugYszseptmERC,Safe,2UckMsKyQQVBYDWwexPgp19BZvL7VddQmauVf4Bqq6i1UW1VDE82i6yEy355SbnCXV2nfAUC7HVHBaMLjNnLq4oa,2024-12-03T14:07:29.000Z
Categorized Only,5gMGW6JsLak5MTzjEkecwbd9Xqu2a592CpnS8Zt3kLkp,Safe,dS3D13sHgQFkTrYviMGmbmvhd6viNeuPRZbyxmabo3mgWEc7fv5JLBBBFSAEabY7mJ2fHuSLJEqjNVqGiP8oGWy,2024-12-03T14:07:30.000Z
Categorized Only,CcXv1Ff1XAyat9QZ9k6LukFbn7c9UPgR6Wrx3rePkXSn,Safe,5FAJaFwmWLqcawG8aAYB5MCZpiBGZxmexDHkaV6gMRX9sTE25iC8Kc3B54eXY7otNMcmfdfbz5YBuBj7VbFzUjmY,2024-12-03T14:07:44.000Z
Categorized Only,7JXgqQGCnTEb8SG1NeF2FBaz7p64QYzhJ3aMdV8Vv7aT,Safe,61UKtfK3BEtogpNsZimX9NqV8cYsKRbSZovs58MbXyrgofuTa5uDN3udoBgCgeLgxvRgd4nx3ZME4aoRuqUy6MES,2024-12-03T14:08:02.000Z
Categorized Only,5wNnhww53bzrAvX2FxL3LXCFbKCbjy3as8SAqCFJkKhi,Safe,4ddxrz6vZsrccnD1gDtjYStSuZVM8gEndZq4KnZFXfhihpVgF8qJC5xQ94foAxTSiAbg6avoouXwx3AhuLPBeDR8,2024-12-03T14:08:28.000Z
Categorized Only,5KAMM7bEXrEBLs5wtnqbaS2wN6ND4o5ov1m8x7aZKffh,Safe,51gEBq12gRj6o2Pw6nKJsLVu2QqrJ3xLYojs1XQi2hsJP1SaaQFUwhwhKsEqqWzDuVueEjXsuiK67eHoZdMNU43R,2024-12-03T14:08:37.000Z
Categorized Only,7y8T6EnF7wkJADyfv958iB7FcT1JgBW2B2uWfwBWCYha,Safe,5yc2Tie7n4HA3W8C5hjeAKveF8QGTqmfLxeqUbaAZA4JbkUrrZ7shaC1GfjkyRVRSdLrh66cfX2eS8aorpCgHQ8j,2024-12-03T14:09:00.000Z
Categorized Only,AwirCyfqtqZrxPpe5AZcR4uy5DEJ36gKFG91hZHYgvFY,Safe,9WGRFCfNhopJhmV4H7TBgQXnYjAtgFsviFm9RyPk2iLnGZmZzL2s63Fpm3cNuJ6vW41KheaHQaAc7e2NLDRj9vP,2024-12-03T14:09:10.000Z
Categorized Only,BLJBBconMQSGXfaYhgnMRywGidf4dWKSeAwtrzXatGHe,Safe,5hJSmRoe5oPp32MXCBfQKBshskvkzuSAi3Ege3EujdUyViRDtB1PNin7fcjWSo8q343WCt7BaCk3FN9i7zLZYXuD,2024-12-03T14:09:13.000Z
Categorized Only,q6Bbn54vvYMrnv8V7nKKq61aqcu7GHxWKGLdR2nCnA9,Safe,64FnwDGTrczyfk7xKHq8zTjmFVNinXNNvuRkBJzqGN3Dz4gmj2krQ59taTks9FB9qa8xm6wzUAmyPXfQrLK99Dh6,2024-12-03T14:09:31.000Z
Categorized Only,HLiwstsBj89FGRgawFHfXLzCCRVaedKHrtHmk9sPJP6H,Safe,5NqZ5rKXtmKqZg3KUJeevg8muLdaYVkTVSPc5UrDLiw69PYLw4vdvPtZki33iuwBQDRUJ8m9eou3Wj9E9K1fFJaP,2024-12-03T14:10:10.000Z
Categorized Only,7ozp1rxAM5H9RWpWEDUVFviShSgh33FsHA34VQGWsBJv,Safe,3EWr5LHAGEHJVUwHzzNuZZcrnC9rqCCnVkrhT1oNztw12JPRf9aGWhQLaohrPgu18r8hhDnXfeFqgVYzzL1xZ6fF,2024-12-03T14:10:33.000Z
Categorized Only,4QULrZmcGU26HHvFFQEEz5UK8nN5MuAMKPst6i4MDQbt,Safe,4R8Gvdia4Rwats8iFrdcWTAsw8RVtt7htHHghkcTKsjDjWP2jRVurbbfdfHXg582pfg6Kgcb1SzvPjiX86hxehZh,2024-12-03T14:10:38.000Z
Categorized Only,Fuz9FWbFsKVyfe6yjmmNHMutUrfDWxhHVJ6uAjUQWUwt,Safe,4mdBCMWa74kmVBT2RsgTTpMyTKWPNWuHZqDoCuN9vNi4g4saqmCfSAtctSQvXf5Rvz88Jqen8vWXSC9S91shS2nC,2024-12-03T14:12:27.000Z
Categorized Only,EUaWof6gnyNBnDYRmSLJDBWk8ia7CqaEWKhwjCuoUrvQ,Safe,dNm6Hs8L7QbEFXntRpeBv9jZGxm7M5EW2JvG7yt3PmFfk3N2MPbzh16qrDcDTxGostiVbPGgy2aBs7eGhGdhaTe,2024-12-03T14:13:53.000Z
Categorized Only,Gzxuf4TqA5RhFYmee2LzoBCcb7upsMXgdD5zRuh8DuY,Safe,3HqJZSMShPvc3w4SgTk2hcNgJTCDqK7eum3TtQ9yCdphUqGDoFCY8UKHxJtguxbwPCaQHkBSDfaZ6LrHXUU4k1GX,2024-12-03T14:15:38.000Z
Categorized Only,AdYtig8JuN4nKBBuxByR7CEZKZieXnyFrKTe89ZB9ipr,Safe,uNpXns38XYGbF8Zhh6aZmfiKyARKa262ij17FPCe7CFdNhMeuKXe5hs7VghHSctS28F8TAftZDQTo2RbgRzkfMU,2024-12-03T14:15:40.000Z
Categorized Only,3z5a41KiGm3YYQsAL9bWaSaHarGuZnBasPCN4Buoiyr2,Safe,5RhHdY33LJo3BkoBdvdA9u8fRNyjA1bGNsnSvJEPqQwY59nrgEfHwdVSgVni54jsX19X7kGfRg53QsZB7uwgMX3H,2024-12-03T14:15:58.000Z
Categorized Only,ADmgW48qayvniLZ72DAKZWzsR5WYgWunXC4zBfxdTxWR,Safe,PxuFKPgaEBGQBffzhXudR5eqUKegaGSzX35TauAp5wvH2ZLQQVDyhaWYDcepNC9FwkrTW2igvoin7gYpVCAkwD9,2024-12-03T14:16:22.000Z
Categorized Only,8fVwvySPYf2WPdvYjb3MhQtN1G8BpjKkmCgkXJw5ARmL,Safe,2MbLKw3ogHr9dKPEFtxHqYRhtdGYQonWsZ8vpvNrXBifsXAGbgD9bgLB5FaXHefNfgBM1DdveUj3Qp7njgfZUwWZ,2024-12-03T14:16:55.000Z
Categorized Only,36qKSRg3WjZFTSRuPc1Z38MdDJAqKsp9fZcKKfy4NXsP,Safe,3z6cpu5zhPPKyrtHWBTCCUpXzuJhRUXgTPbwfR4Jn5AW2jDcuRqbPB2cviKatYNWEuyQaH1FKtT6nxBRfeHKWeE2,2024-12-03T14:17:59.000Z
Categorized Only,Bjs1cbFPJYhpmC9G3tdP9cXYSZzpbQJ1LS5M3jcAA2eL,Safe,4KTzKs7FsKY5hLJoA87qjmh1fVr8T6bscGpHvWozXAqoTPL5Xo7yA3CYWGMs3nnodio51VnJYnBFobTGPLzbhvXG,2024-12-03T14:19:38.000Z
Categorized Only,HNWZVYDtQ1HZxxFbVX1yTduQhFJXfHg5F87gkNAoLWTU,Safe,3xFcrkonycT3tDZvyZZ21eMuhCnEBxTPCRcrRkfmbnXUJkHmZ4SWHnwTtBxK4MgMAnp64pDyvzSNskvNkivaBVCS,2024-12-03T14:19:41.000Z
Categorized Only,Z7FhYdK6b7U4RwBZcNfgmAHToU59KX5iMtTefQvFKqo,Safe,VdE756qYMK4AQmWE6n5m6q9VASxV6uL8gnAToZweWVt45QgiM29pRyXk7MwG8LxjYdUxHCUg2ecaLfTHcst8hve,2024-12-03T14:19:54.000Z
Categorized Only,6XFqw3L6eQ5PLQLrViCca5GGr3riiANsAPBDc9bSjcyZ,Safe,Eocdf7rDeygkhd33k3v79MHnexWdEgoZbzypgEFCET71XM91Cw5qNmpP3YZRUB8xAAQEZEHHLFZM7hDQHpeFxTB,2024-12-03T14:19:59.000Z
Categorized Only,3MfAc5nRCM7tTziy5tYarCyi5bEQcrtqUPPXcymDC9sT,Safe,moRNJLYzCzsNZUDUiKu1PuKhC989DbnWPw3NmeAWZ1eg8kC8sU67Yk69d31nkEDqYLqRRbURy3SVHFLFisSUxTR,2024-12-03T14:20:14.000Z
Categorized Only,26Ng1Dm3qA9CJDBvdAWktHAdgRq2mxzvgHEZxp8GjbXA,Safe,2G1xVaqwHchVDuFHvYhm42wbFR8bxb4ydjzU9dqBvaB7e16kdBur7VAU8RoxSy7m6hWpRddCA3xU7dHxFyB8pcPN,2024-12-03T14:20:17.000Z
Categorized Only,JC9rZBFECseXmypQbBpUDdfiU5KfXcpDs48K7dJmwrkD,Safe,2kUZSsdRrd7jyQ3L5U5a5zGNZeMPxBS9XqoShRCdjfzi5DU7BErhuLkfCWsRiahCmhf4LJid7Qrk1RDNx7BzRJPS,2024-12-03T14:20:19.000Z
Categorized Only,J2eTbGQDNdsYKbikiTWCmBWDBj2xVDEAUc5F3a2ZRxHL,Safe,4FXBgGP5vcsAdew5ZrbqtvWwQajgAices59rpP94M9Ba7aJQKSCmP66L3DGSSQZxmizGCei1ifiFRvXGgdJZDY3y,2024-12-03T14:20:22.000Z
Categorized Only,2XFL2a13siG9XQHDaCFDYCv88fpnyZ9tNTiSSW6Lkz5E,Safe,3ymAst93cuugkc7M1qAcQDYAmY3QBShQ3s1uof1sTVhYv4Gr3es95joenQJstw8S5m5rZ77oyetn3x49QXbPWAey,2024-12-03T14:20:23.000Z
Categorized Only,7EXRK2GS6vcnhJs6NcmF1ogu1hw88puymcYoWeY2Re6p,Safe,5QhVw7GncPohVnoZBMGQfhmZKJagYDMTj89VRtkNrpD2sdm6JtpjzT3wgjkhNV9unferk6JnTM1catGX1xKQo8Zs,2024-12-03T14:20:30.000Z
Categorized Only,Gswv8WUDBkfwFxH5QB1g3CMdSZ2LVFhyFVYRfDHauobN,Safe,55jKCetjGBS9gdtp7ykvABTTsjeVkCXg82Yjj1CnxL1GpfHUfcGoMa3J7NShiBeuxqKVPGfQv7oHdgFLmokpc3EA,2024-12-03T14:20:41.000Z
Categorized Only,9PCHarTF5A7VJxmLrSRvAXTD7UCq34sSgZseS9FGa1t6,Safe,4vanuaitwNfJMSYHzfFPEPZgEbWGJWAZ6fvaWiBdpPSsqaNwQ1UmKD2BCN2pJV2WCsoBPGstDtbwxkKWZ23PatJ2,2024-12-03T14:21:03.000Z
Categorized Only,F7Be14RaxzWgcvzfomcQJtGMhimCgqu4sJmLkYPg1ox2,Safe,WjuQ6euiZnr2sRvMajufeNAekiSG9DYRcEBSYXUR94EUzcpscuwW49DAiTXzNpxWEQCLQ1sSAWCmxoJCwzRyGcP,2024-12-03T14:21:28.000Z
Categorized Only,TNao4hLz1D5vG2E8hHDMP7gCALD45tLR6B32gndYa1W,Safe,47tRHKWqfeUfTj1wAty8yMStFWbx3h2MzbZ8oLdvSttMDHxiWqYRc941M3jFRccpgzrRvBaZNR42ub7YgYuMTrqs,2024-12-03T14:21:42.000Z
Categorized Only,ASGweGG4253pAWPJbp38q9VCabWP9CFJogEXQVacQytD,Safe,5w7ttMp9b4BdZkYb1WTVvTacdVfnkHjKcWNUGQjcHpkXFfjJFDgCiR8T2xJSriJGsiYba2n3WyV7PdptKW9zYwN8,2024-12-03T14:21:42.000Z
Categorized Only,7EubaRJU7Q8jJcV4vTYdvT1RUr1XBkYgET6BAnTpYFnV,Safe,2VTJEFrqT6YLejWZJys3f6WgjSg1AW5ySZr9EMTLQWe9pyQwf9YChepb8Uj1UBTnSo9jfvdBFhyGsSvjrY8kGYJg,2024-12-03T14:22:12.000Z
Categorized Only,6RAuDF5N4VeYXYebFnAn52daZSsQkYq1Chf6TcrdRZcV,Safe,27wfXJtWoswWvsNgYB4oRJkeg4y1FcZ2AdYSb18EBePUVmKqJEXHvoU6b7qvuzB5sSLTwAvw2cb3ZEhapHBcK7iZ,2024-12-03T14:22:14.000Z
Categorized Only,FGMPcMeoXBPgMqkfxUStsJGNUKhR8gyaoWdUdPtfTuKQ,Safe,2DWS4XT4N3goeYcr6bQxdjQXv9n2cW1NEyJPx7FAtzMaDRbnr1jjNGBikekE6KdJxrDNgpcjXeuE74APcpuE4xAu,2024-12-03T14:22:29.000Z
Categorized Only,H2U4GYWRcLWKPgVGCd2CqY4xmDuWxGKYaxhgmQFA3uqc,Safe,39mrEdo6hc98YdJtxW9be4xjnuMygJsGp8XJSx5NKaR9xD9P7YVFJ2iWWf4ZUVB4eivnFdA5otTGWjrydg7cvjd7,2024-12-03T14:23:20.000Z
Categorized Only,3t1NhQT8YvuqrNTrHz1ZsksKSNZoanLVJqkGuj1Z15Kf,Safe,44e7tmoHMsew7CJVt7p5AVt2SYhTGyLwLM8JMKkxtkng6kGj7shReLuE6y3atgJnVkqzH7znjzmngT26zcbppMib,2024-12-03T14:23:49.000Z
Categorized Only,7GhFEerRWWKV9DasaeHD93wFnqsyXCf78xziQGcwt3h9,Safe,5ps1CjF6qC3z9ucwM8cNKSpf9YjEq5PaDYJRmnkRt3g8bfcFLFnYDgxuAv5AHJbFQXfZGvyA883TbXrefzQ8FYBh,2024-12-03T14:24:12.000Z
Categorized Only,9ZNv6iqU1GbHjitG1QLpBU92Tc8wnQo2bMNLSZcDwkXA,Safe,WYaxYWu4PPeUkt4uUKaS1uq5xp3mNcS5JEZ9b9ZL7S69dTofGsoMAq8bzGHhN97YaGeYbaoiCBDBmwKwFbSC6da,2024-12-03T14:24:31.000Z
Categorized Only,BAVD1ebUTpgUxD5JhdphZsepscqtRv8TFqrv1sZ4qK7M,Safe,3AtNj3t1XNhL5ULb856orYTpNh9LyStJzaT57GEqHH375zgk7qkJuNVbccfJPQK2vt64kDaHM4YPr4cy25v9757G,2024-12-03T14:25:21.000Z
Categorized Only,AnQUu2h7SLGLecQ6tfSxWNDWbJswBDKMakqwJzaCPQiT,Safe,4t64rtcJ4yddpK5rWwK4td4U1vb76NPScuHXfGLfN2iX7wzEVtNphuT6PFpMCbKUoYpTdKsQkk7KPHq6zxTb5b13,2024-12-03T14:27:38.000Z
Categorized Only,Bp22sU7ntxYoEfWMEAkhruVQiWkGddRWNGN4Mpc6qWCR,Safe,5RNuuL4JiykHUHN5B7tY4U6pFCaFc15qXkCEYYuE3kpnGc1S1T1cXf9NZT4RPbdiCsQKVmgd7jo7N6avD6VKdi4P,2024-12-03T14:28:56.000Z
Categorized Only,13vgxwZM1ZUhzkaaGC7L1PggTo12vgK37w5TEHj7QGW2,Safe,3iLKiV5Uv5Lek2C8QXLtUkGP6q91CQzgHUhYvXZWdY6EPTZdXaMjNgoMQmSPAxuSBFfoUYnRpXA4NZcV5MdEnzS2,2024-12-03T14:30:04.000Z
Categorized Only,BtbF2e5QszuGHMZp7Jv1rfLpb5ChzqNAfjZo5FkV7u2u,Safe,4vSo8yqMMZgCLWNWcYMpUBJ7e7Mx798V4EYN4rN7BSaBr9NkGEnqYDoSpyAM4JuGRkWEX7H9JnpYnyiq7sj6rvJ1,2024-12-03T14:30:39.000Z
Categorized Only,A4k29rn69A2aAtcisr4uBTseGgcYzfXxBmemNMnx3VWk,Safe,2nY4Lj6RAMHi4x7tyzpazXFZhpQBvfqb7aUvu8NQCZWPcsJJkAobDRFbxAzhhWunDcYhwke97Xm9EfzuzW2CUVg1,2024-12-03T14:32:00.000Z
Categorized Only,ALaKqLPawLxw86rfCnH9sjWT6Kj3rhxG74LRZQJbTWHU,Safe,3Wh1BtmZRg2tJ51Gz1rwPJLmzwtu5PfTKT1RMHZh78PSekFJFnzzgLryQUtAmrEqPdeXGGNXjMRoS24a98eN6oGj,2024-12-03T14:32:01.000Z
Categorized Only,7Ktd7h6gyDQbRxiwiYyiJ5oViSGDn8s7JLZ5mMw4T23z,Safe,tuyeZBh4XxB5Ai8pUEpodZ7ydiR2YgYqJcLLUK44CdawrJPRNKDxYikdv2VFdbfmc8HyctuUBdpY3siWs9Lxxsr,2024-12-03T14:33:07.000Z
Categorized Only,373k77WuqhcjZkAGr8UUxaiy3tm7x2jFtXcZi7PCeE6J,Safe,5aBEa8ceyLgSeJYPv3zDQVn34kUyKCBfZXc993EVSM4F5fk9NLCWVp9YoELunU2LgLAFxgnhHpjxeH7TbMGidw4o,2024-12-03T14:40:28.000Z
Categorized Only,7pgrLoc2nY4FQBQSFDeJQsKjTNtEhx65cpWA2TH1vTs2,Safe,4DCgwPkRbLiKtEnWUCuiWfkxjpFBHb7wanpTTD6QqRx1gKi3eorWDY3fLpsuUmDk7MFejuTDY5SayVtbZhDcPV9h,2024-12-03T14:49:12.000Z
Categorized Only,6Ei4QY1ymuNKwk9QT3xQit4Y5JeZWnyiyVEQbqLNauYN,Safe,yqyvVWTixQtz2uSMfLic6Gt6dzbtwFQ7Mnoh1Q6NNJHBaM7MJYFkNrYsPDz5cdgSF4F3WWi9oBC7GnYCmTC7h5X,2024-12-03T14:49:39.000Z
Categorized Only,GFzQQZDPDnYgBT7uY79L56PUNZ4PcPsNV8bZ7kPgdcwV,Safe,gqjfqjbgpHr17epmzoFRG2kn67K9F3gmAoKnYJgC36uUju55BMsqEZxNSb4SsASt5zNRxd4RAZESbrZZFP5U7GD,2024-12-03T14:50:58.000Z
Categorized Only,AdQuXFs9XkTeDUnc6ZteikibBjekqH1oJLvJjohUTYSd,Safe,4adyjuStquJkA8mzK6Zr9dmVLZ3rPdQtJ9kqYHvyLBYEDcAQRicpi6nTLsmFx6pVwhdCCvXeqiFR65FpdvuPdnue,2024-12-03T14:53:01.000Z
Categorized Only,5w2D4zHFDEMV59ftrw7Ywwo7QzDbfiKoM95iu1bBoieL,Safe,fHKLJkQv4DALAAo3v8KNqkG2SNKGEuimQ9Q6NfwexxzAFzYmJTnEhWGRCr8vSz2EtNYWGM6e9VTQGwYSe6qbiAH,2024-12-03T14:54:37.000Z
Categorized Only,3PPaiXWhGQmSX991QCe78xV7bYbLBLKkur5zZTtLMxV5,Safe,23ha6yjkK9SUyVh3opQFdgiRJXBwvutBX2Cw2E7MoASXgx7QReXSsXGuTPge2A9dPZY6gT97RdkkZdJSh1xFk2Dw,2024-12-03T14:55:05.000Z
Categorized Only,Ay9dmjtHduGLHZydqmZ1yZUoaJyWZwAuof9M6LqiWAAc,Safe,4NQVNjDPyCxrceLzx4fYGxLER8w1XuYZdtsTzsy1iFWzrSZS7ZhvKV3PtsCJ7svEipykbpwFVsq4VvinYywXs1YN,2024-12-03T14:56:09.000Z
Categorized Only,2inW4iRczGtpcsb4M5AdnK1DSWtuyua3uJ4v57wNziw4,Safe,3ZKLn19NTaWNaVNbUDLj2FVcEtgYSowMCMPoBcpjb2zU7qwBrTKFjB8komFrebiHbSjWFUzKvkDwUWWeN5u44wbU,2024-12-03T14:56:17.000Z
Categorized Only,DDKgc4r567CgKTnnpEX2fM96VR2VfT4hM4gHpK5jrYnn,Safe,5DudmoptupD5L5rXHnDN6Fv88G4iJVodc8sssvreb7Ao5TyrJ6aSdXoEKpf4LDbfRBbHrGs2Q3RxssqDAosr6zXT,2024-12-03T14:57:00.000Z
Categorized Only,Cq7wqB3P5ekqL3jNWJNZAmxgMuyf222rKiNUBLx4ttMC,Safe,2xHAmchEgp3oExX1S5Grj4UxDbkcgLfuvuXgKcmX5STBn7ZoYLN4UV2W5CYdXepn4BShCbsKP6vuy3ibaUWTGUXX,2024-12-03T14:57:06.000Z
Categorized Only,5q2FQ4AgHi13uRkLnL1Q7EzAbYHJJuscuGpDzgXSMYvV,Safe,5U3ThBiPfJk6rfHER9MsneuphDQVt5S4dH1Ls3YEf2VPHLJAARkxfbqGWmsK2yZt5JEEeQ6Mvz28i1913rDn67Sq,2024-12-03T14:57:23.000Z
Categorized Only,5DX8LsnY84oWUv7Q2FT473aqwNbp26qxvonwnvA33bw,Safe,5XnfChsNZTv632UgcAsNPo2pxbAQiufGm28mooZQDyeQgT2jybjFGXiwrzH1ju8XNb1kLnauT2jXHGqWG3xth72n,2024-12-03T14:57:25.000Z
Categorized Only,He5nAN3z2pXTCiDQTGTkPmARawoVrrBAcSsRsnKXMk39,Safe,48Pz4siTEBs9XcLZsWiRM5GYWo3NTjdbgY2mTXjBkSCwuMaDxnSYtyf3nrcM5woTw8Kvna5BGsKqw9sEvxxJZpk4,2024-12-03T14:57:50.000Z
Categorized Only,3DjJPXoDkVTg8KiBSek1UoizjXyvKe1CDDTxKEdNvXEw,Safe,PJttiZUpETmneQBNnqPQTfeMyzSTVsTEo3xah244o52qYjAW4FZtxEVP5PPx4KRhJhWQkd4GLoj8TmE4EC7XZSh,2024-12-03T14:57:52.000Z
Categorized Only,ADzSV6jSnNuDCa6AVADAumwL8EEFf9nE7Zz6eqDwExKk,Safe,2UEo1esTwpUBrgY9CbBknvepR5DkG7qQFz37vZTWtoZHyy59687fKX86RS8MX1NQztguiFFw5CCFYYtoVUnmKMyY,2024-12-03T14:58:16.000Z
Categorized Only,7jMiLYi9caHtNgSrXCa4E1AHd892A1yAL6ayKt3s591C,Safe,5NFGqNCmUNtivvJmLF3BqigBX3iWiWZxc4u4LMiEkD4pEfzx4dvR1cK7kSq5bcHs2D5PffxZfspidEysNuxoLTMc,2024-12-03T14:58:35.000Z
Categorized Only,Eq6kxTAmxFf8U86mTtgcMdQ34fKZUS6aNn4pn2L223jL,Safe,65t8hPkRynr5LrqZNVDBUJKoSjnJUx1pKJzP5Nv3zw5cbN33wDjTj3nbbAbnp3V6WJ8wyaVzyQaBeDzJZYg8utAT,2024-12-03T14:58:55.000Z
Categorized Only,BsDY6QDAKorLggXhg1CbSC5F5zVtKVwXJW7s7dXWjYYD,Safe,4Ha6VzDg6qQ4b59zskTN9MHfsy6aXm5bbE4qdAVESyS5Q3Z3Hi9nup31sEhCQgUgwG3rf7dYqf9pR1oGJxFicDda,2024-12-03T14:59:04.000Z
Categorized Only,3xeyjh2uaMENZyEsmntKKpBYDCv4QWNhysiwL7fvuGbn,Safe,5TRmWwqt6WdGN2wroxhYoDH8gGqLGcRZQYGxC547nJKYEgykJTmUcnjYgVoJUJsAsBSmw11Wn1FM91Sy9yRDCqSZ,2024-12-03T14:59:08.000Z
Categorized Only,EQbm8WokowUrZ1aV1wDLB8TutPoYSphVrnrP7ig4C1z8,Safe,62T3Va7un4P6jYToECwTkXUH1Cs14GJ8CySC9MF4ExqehKEZFRVTXLeVDTbpgtceMmiz8LYbTMgQti1JaCB1QanS,2024-12-03T14:59:23.000Z
Categorized Only,3W5bTLtuEBMv6jNuiMCszyn58DEohiN7Zmp2nAGKziXv,Safe,38cqwkJfggAtPmBnLDYQgo7TSQJ3k4CmpU9tjdYxc36Kw1H13KZ3gwz26fsGrP8JhaRZg6fyMEjgJERbz6LskaqL,2024-12-03T14:59:38.000Z
Categorized Only,8bJ7Qb6gLpjPBCPS1bg5J7EV9LeogHWREFB2MGgaiFTa,Safe,Nx5quvCpu94ihHuirpfs8e9UrpU6xyFX8wUrSNUDj7WHozC4rikQ9oBrHhfBLWfKPhKNJ1nSz5iRXsAEhqaThfq,2024-12-03T15:00:00.000Z
Categorized Only,EwxWwQJKV7CSNhJWTgsQz3K5iodDHipMJuHSQkgA9p4H,Safe,5zqN9k9EHeGUbybQ7od7NkxY9RSzrN4XGvGZ6pxyZF9tTFinbkorW414oynbEuigsVsVgxxsf7wLaiZNxaDcbePK,2024-12-03T15:00:16.000Z
Categorized Only,EQUWXhsGHUXwpd2kvSvE5NiY7hLzXcwP4wXxB3ZCCJ8W,Safe,466yLbX1Lxi8Y4nu8jEcLmcDZPasDU5Wd2QhWxbBwXRWZhY6j1HqZRJW22nwbCQCYCWVLGASjHcGHpB1urEL1iWa,2024-12-03T15:00:30.000Z
Categorized Only,6Ytcb998rpv7yQLKF8YUt6fgHuwGdcHPgZaMrUco2rUb,Safe,4aFyguLae8XFm2cqUm8SuML18XCNpb2PQsJ8ogBrnwBZWoFftGK48H3DcDDx3x6WswkEuztn2Fj4gGZhLvyr834q,2024-12-03T15:00:46.000Z
Categorized Only,Dniunc62sEgmHbvJFtR5MwBLsKenMR1egjo6398rGoFD,Safe,4b2VKCN44GmpsPJiMVcffEJZpcwCji2TbvdaBAhQqPEmhttKia3BghvTBFZ9vLQTYb2bC92r9hoXsZgbjmmjQwpD,2024-12-03T15:00:46.000Z
Categorized Only,FwZL9CvRifGJtz3AJ2anC295aqR8XnVXWjNwoHXKXAjf,Safe,5gHzUFzPjp9i2rJLNQctExTLWX1T4rTLtoM9c8EGyBdYPLKECDH6C6PtpTNWTcAJsHbsxgDJXNJfNeqBsxCkZY2W,2024-12-03T15:00:50.000Z
Categorized Only,8k48eajyWVZu3jRpsfvJY4xhB3r66WPiWApLUEVX3gv3,Safe,5dUVAeX4LBBns3btHzZdzuJpFJmof77TfVQH1woCAbek83Vr9CquAGHxWsUSfM3dAhYr4ndQTs1TDhjuimemr24p,2024-12-03T15:01:00.000Z
Categorized Only,4EvYuc7Az6ZHXYpxnau38STtuCurBi2dEeJVa8GxwwAV,Safe,5wWBmChsN7GvfE1GUKmLkQmYDz3ycF9Jsww1TqrwGkKS7fMWkx4dYydpsRXkc8iV3QUjgp136q2165DpKHbeBq1h,2024-12-03T15:01:04.000Z
Categorized Only,E5gWG6Ajfb8NtSXAVsbFAKguuyQ2FXqLLMeYdUhMqqg6,Safe,3y7LucvHb4YuJMSKSnA3RpFHxocJ86sHFWe6Zqfsh5XnpYDbCxYQJoa8wEdn1M8qf6DBSofAEnkrc2jnuWrP1GfK,2024-12-03T15:01:10.000Z
Categorized Only,2RAxNsWUckz8nA4hjHzCqNsP51a5JHvx8aNY8mKKWf35,Safe,4V4m4y3F5sKNjgijFBYtkkkG3WKVaBm9yzGyHdJcrTMGiBTwZaRpPwBveykAtu6NVGzoj84xBCjABNvMPogUYsW8,2024-12-03T15:01:19.000Z
Categorized Only,2FVRnEANM3bpTcBq2wRRKHh7vGVzxZ61YEztcMq2HCk4,Safe,5yL95EAFmyqzGkZsJisWNZSTXuq5duCeCn2f6BNNGcma5YZJX74K9jAWmXBt3NvghMomubEx8MGuXthdmqcooUwH,2024-12-03T15:01:27.000Z
Categorized Only,FsKJpixqaCq3XWN2bMEuj3mS3ZA2UhfKsC7Q1JMD2vGy,Safe,3dPwdEptjk18pCXc2iSjwvxmVnXxboqg2WZGDt2xToMHPrxFonzd9YnXh6srtpKwMaLd4PKZ768H8JrJ44GCpVZt,2024-12-03T15:01:31.000Z
Categorized Only,9WMcYN65NzDNE8bpcQE9BjQBRC2AmTvh4VCVLrtsGsd2,Safe,31jL45XfiqqJrYWF5MfoHEsBSTDTJzVnswMPQTFiZjNAbxukusY7yH1ksTa9TtbkzgY1Sb1zTGWMyonjCHtWigz7,2024-12-03T15:01:41.000Z
Categorized Only,B8Uyk9L4tTK2c9PbNgwSY8Q2W1MmPoXAPf4Huvuuyz8V,Safe,3MtbfmUWXo3omm6pBUS5uchbu42wbdSj7PiYMBTXWDtthcdt9UrHiHrY5S1xSqdKWndpJmXgQAzNeaRUuZaPTmN2,2024-12-03T15:01:45.000Z
Categorized Only,BnZsSdSYuXNeSrWEEFZXkcDn6fS6v1QHBifyRLWbzGwu,Safe,2kLQqHazaqZZ29XbfPNf8pqhQXBoEw6zGeYF1XxJz8QVnZWsAnztuGEVFYEKZWTP35mH6sqdLEReAKBYKEDgmjmY,2024-12-03T15:01:57.000Z
Categorized Only,7zrevtRLTJLpVrPn3u7NEWsSqeq1uMkU4NXZf3ZzobvY,Safe,63UGbcA2zRgHNrCJ2H5gKuGs59q4pxfLFf9UG7qtKcSjKLbpjWZykdMKrQ6m9qAbdzesf81dVHDQxRyHHGpKnMgU,2024-12-03T15:02:09.000Z
Categorized Only,EXduQJtSkgHDQqFAYb1tPqUYoHEzNy4DSc59DVWCJ17J,Safe,3jvTV8pQ4tUFrUokqSkn9qXm8mhxG959ua4SzuGnVto5WCFHK8XDr4F7NB6pGdyS1MH1bfSAJWRaBPCSBbbhNQrd,2024-12-03T15:02:33.000Z
Categorized Only,E66BNCun4Mjik2uQRNcX72uo5qfQSe9Xk4dYUVs84CpM,Safe,3q52PigNy1QZCgZcTb7suPRfcVYWRw7jg6HytHukHPXTAAHZaEeWJdT4DH2YSfY1oNPHdYTyvwVvSwLnPxKmT6C6,2024-12-03T15:02:46.000Z
Categorized Only,J7EUPiZv6qsAFVFLu9TBLPKiQmX1AQ6hcX5K75Q22sD3,Safe,58ZM1Y9qsy8m4AnPer5f6DoHYqNtfvu8quT2czjamrzhcAhxVTXG4HvXcnfr4CdsDgB918QM5q7FbycoDvgHrwPe,2024-12-03T15:02:46.000Z
Categorized Only,6E3oAxg4xCbfgDZEzrzq2frnA8HcJWQiQHJyH39Sb7b2,Safe,WUyr1vq7kYqq3WWeWTHEgPN6etvAvroJJRVwhVUiyMVpa3DubdegZPhPB7wZCSaerEADDPHjsfCuPu9AiAumQ6i,2024-12-03T15:02:48.000Z
Categorized Only,9Q38GzneLUBQfgUmW2vuv2sNhkv9c1uYwvh5mgA2Nd5q,Safe,2tYUWPQd3BKjJk7DLmQVpdn5okXnMZsrKmnxL5jcheNgyypRmxywUYqjny4ZcUTwi3Pk2Bvctm9SbcwLqpk1WnjG,2024-12-03T15:03:09.000Z
Categorized Only,HyA4jYuswZYaezVkfKju9rBJTE2WCTZV4qfnyjDSPg7h,Safe,8VB3MxGeeZXF3orobCg739Nniigrk5VaLVKFUSqmpVxB8Mo4oFV6VhAd1porpa7JV7gbCYfYELaEMXjJsYNPYjF,2024-12-03T15:03:12.000Z
Categorized Only,GPZTudFpcJJrKxB6pK2ZxQXVJ4Y8tESG8Un7PcprBfSm,Safe,4VCJ3CnaD78gCuabXDFUNGK81STbUJxoXn8MjdxMQfLRFta1JkhBQMs65ivH1HsXtv1f9BvDzZCn7ck6Yafo7rSg,2024-12-03T15:03:29.000Z
Categorized Only,Ae9WsS7rkiNJhF1pW8y3CHffPErma2bWfy3k4XsYaZQz,Safe,3CfyQypSvcEGSQtrwn2j2vDAnffXJKZkTJkF14KLzP2LswmDKNbknMj2dipAmf9e9GT6G13EoQhEpmcArcKjCj29,2024-12-03T15:03:46.000Z
Categorized Only,FvV966uevFtqoHaawCmyPsnBjTuh5AF2HGMJ6xh2KnoR,Safe,3RD3ZJsdoL82CVmvtHPVQQmUWKyWrGXHJRz4v3Y18haGY1uJw6Zmwb39bec75bi8A5ppiVJjijcrENHpN8znKaNX,2024-12-03T15:03:46.000Z
Categorized Only,7Pb5n6VRpnfLLFaErrgzFqizfXQj1TeNiGbeSKAY2yhK,Safe,4LtPX5zLLpHSrMGETZHeujVg3c85uhv4Bs9EfsiW7srm9YkymjmthyeCwfnB9VS6HRadsTL9tK29ntu4MwUFoMX2,2024-12-03T15:03:49.000Z
Categorized Only,9G7oQGEq3QAvum8JzNuQ8NH6jnPi5fJZYjhpa8Hvw5zN,Safe,4NicmxTBuE4i8X1ZTxh5P1HGshezLMzwss2cDMpBd3RnzvUVg5SUpP7cEMRSYBWrCujX6ERDjWMSye27P8KsjhWh,2024-12-03T15:03:58.000Z
Categorized Only,4rGJ64dDHMUUDsPmD4y8vSC5HwnnCRfsiQNgo5kv6mr5,Safe,5sk77PmowWHQiYECswqmtvpsy5Xuy3e4SUSfE2FqmGTnKDhQU86VfLv4aqeXikoH4scAn3be4Lkp5aEWHLskVyx,2024-12-03T15:04:02.000Z
Categorized Only,E1VnfVwbMAmJ2iRHbedw3Y8B3GHtGMWP4bWsVMjsHrC6,Safe,5NRFcbzG4KCyVrNtP376vWoeMjXdb6TMjuHfxwVgbmeVXBa337syYZTcfFvq5eagiBTfacvJNN2tAG4f8gAErpcf,2024-12-03T15:04:10.000Z
Categorized Only,9ukFRkHCphrZrD2tURFMt5RAkyq3zfvidvPc5s9j1EqP,Safe,vUfZsKGK9XhR4hcVQoUDC8DEDgWWrTQ1FgAFLbKipJwZU2zVnBV9fen5B24GxdYg2y9NBBsjsuC4gGmFy5bjfVp,2024-12-03T15:04:20.000Z
Categorized Only,C6V6AXzDVXJkJpKGqTWMmu2K968xLV4Sx2y189cLh3Gu,Safe,2cMZa7JzB6CGG2suah5se4NqUdmETxYR9Fhf8PLftbn7rJyBNHUGfwMQjBAV8crV2EFmyRLQTBpRMGqj2m7o5iee,2024-12-03T15:04:24.000Z
Categorized Only,Ady5GsjPstunFGMaTqtaS3ycMUaJnwDsfVXmVwSnm3dr,Safe,NfbquycvYrXGaZ8uYxr3iH3pCpb86Vh6m3kmmjswYYCweMwDtFrCupySYf1NckjhghQT1Rnmo8z4Mtw2HxcyRpv,2024-12-03T15:04:24.000Z
Categorized Only,EpgEW2r9j9mzXczVFj9HHV5FUMWMsVGBAeZmU45NA3qu,Safe,3oQJdfmcZftGbnPZuD25AVAb6mqcNJRuMLjApBe8beo4m1TsQQ14dozbEiutPCYYR2dQHMoCsa94neSUfT9nPdKZ,2024-12-03T15:04:35.000Z
Categorized Only,ie7Z7nj8pqZpx35Zhd2aAG1EvGwDaezmuvesnSpyVSx,Safe,2BthNCgPrGHJRbY8kThW8CTCk4wJWqt197gzAnmhVaorsk6xASsieTC7XomrfZtPht9aJrjXGZZuvz7ZztTETQVU,2024-12-03T15:04:39.000Z
Categorized Only,HN2tKf26EDoAvigT7H7nj4y7CNHTXDQSKwaaZTDLYtEG,Safe,4fgBUoYAygn4aTVMgNgGz48zT7rmxDVgjf4DreasdGP9DYN8FPSENUAKikMtEPX6oMZz52Uy3C3idjwVYv5U8rr8,2024-12-03T15:04:52.000Z
Categorized Only,CfTVHPdbeV8Puuvm9UTTtQj9U37Eby12rjJa3szCFwEw,Safe,51W4W2LS4H9vbV2AW9Q3z3fmQrhSasDRLfQUqSX1q4HDLrrKPTNpFhkFnNE6z1QWc5wJSGv8snYMwszQYhTPZvLa,2024-12-03T15:05:07.000Z
Categorized Only,9KWy19R8zZRTath85azC7cGF4cMQS7rtrfmmLE8K54PL,Safe,SciihpErStzyyMUU9Fw1aemYeGc3EGS5PTBHcKFiA4cUCanwS4tdgcynErwkTYMb5mQPx87F7nTmt3kMm9f8Zgu,2024-12-03T15:05:18.000Z
Categorized Only,wyw9K2W1NQRwQrqzCrYy3euAzZA398QTZUGRL3ZLDTW,Safe,34A55zxHXUHyfDd6TzGFCiPWt1sbtQAb6HtjTnLoFfL2MddGdX1559BVE3qbi8ntTBLw1uhUF1qPuadNXcdLZ78i,2024-12-03T15:05:23.000Z
Categorized Only,GKhX7JyoKwwfJTitugMmy2UEHcA22AmCcdYD1N4cnrY3,Safe,489L77bohCbK5fYpFQxn1djM5vHkkeGAydH1DkQseuB5HfJ8sC186dxj9oZkBD1JG1MU8LUPiYkqqu9hwH2r5i9W,2024-12-03T15:05:32.000Z
Categorized Only,2CvsupbcaUh7uUyV66SqPTZnJ4JwA2BZzD8GRZsbn2Pv,Safe,3CXzmMpTA2f81pkT8V4So5NXfM7fuEaiAnAVXCjEeQNNqnhig1GWv3U1VwGHbZDRidZkEj3bCweYWx9fGSKEGjTM,2024-12-03T15:05:41.000Z
Categorized Only,DKUo8PCKcrfunRiCHWFNjeVLQieVYWr8izauPCFm8BVv,Safe,2kmnm5sR7JGou8F4hoWXwpB74NFpiuANLahZiHmCa6qBNWHzNVKmkV5G3yfaTWpirhgKX1JJV2ZgfFtZa3MkRrmy,2024-12-03T15:05:42.000Z
Categorized Only,BNbEAWNrr1iWFMbvNqgDmx5MBHQGhHxXNhTReeQLDZJp,Safe,pXNJ47wrAX7AsCuATTnuPzsrvQ8VrVTDHW1JWfipLV2NeVHE4RPGGxar9T6s33Svdnbp2CkJSVeyzSZYhTQiqp9,2024-12-03T15:05:55.000Z
Categorized Only,H1VqXipep4Vd8VQfYpwfEYGcw1NjeJki6K43Shx9P2wh,Safe,4xjG9mii8HKZNteLcRBcj5GqZc8JJqaYoxcJHGwKpmgKQrxmXCymWoCUUGHeBSEMRUEZLCjoWFbKGxHqo7WMu1gx,2024-12-03T15:05:59.000Z
Categorized Only,F1D9Zn4NEZ5RRHhNhhNrmJL5ti6rkt6LkMYgqGWTDjZM,Safe,3zyuRDJq5KNmQNfuwppJrSwwrLpLjs1fAX7uohyRhoKDhk7LMZnRAke8dPzqriZGVmFbK99EmWLtaxSHD2jLTRz4,2024-12-03T15:06:03.000Z
Categorized Only,DTji6JCevYpQgMrntovgjjkGECmHTPHF2LydSWFRyC3C,Safe,3L55LrDzsJWrcXxQ8A7DFiwcUVSrBUaY8BjTXDaZ7DXHJXYcdSJJTj7xyAtmHA4Fj2HkVDJSyGHnkFY3QuDyzVHG,2024-12-03T15:06:10.000Z
Categorized Only,HPUv5JzrGuj3ja2Q2NyQTkvtPPRigmDrj3HiE1oKNE21,Safe,4ucDEeoCSvoFzipYxxLYgFEYEST4KiX2DouuXv1uzh51HYYkBD1w2feb4BitjrEoGm6PpETcJkvKGW3jBJ26G8sr,2024-12-03T15:06:17.000Z
Categorized Only,2TRYY7oxXv31PERU7SjgxQHjBmSGArZfntrihtHKxGTH,Safe,39mWtnGt554qny19fx7hFuDYVjVf5JaHbf5zcAdQ7Y9wbMAZ2VY41NvLzMK91YKsayCozJ6QP5ZSqBQkh9wmPzvS,2024-12-03T15:06:17.000Z
Categorized Only,AticLMDnRjbhQyEKMZUN3chtQdB12Tb7oHUS7XY7cCzv,Safe,24ZFrvGzg168bLBspbds2Dp6SMUFbuANH5eDzGZy1vkN4GeVkMhTkHmVpbH1KCM6RNhXXhjvpKbnNBcosyXvZPkg,2024-12-03T15:06:18.000Z
Categorized Only,6j8Gt8xdaFn3zXuC4KcmojEM9mMb923fg3ZeJ8QAP9s,Safe,2e3rF1UxHsQNtUtUvfG1kNK8DQemsEoUczSvHeioxKe6we8R1EmDXKkppzG4bqi7QDn4wgLY11EWXR2xYdj91ENz,2024-12-03T15:06:30.000Z
Categorized Only,n9bi9996LUTMvdwaTxge8StS8myfuoUHZmLgzDENaxW,Safe,53oDD6E5dL5y1RHntgVehLa5dk3V9KDuUYcmZbdFemBS2vkzFJkZBxSunCJykY4BePtRB6XwerXARb6YsxvfrL7H,2024-12-03T15:06:32.000Z
Categorized Only,7dLNXhd2mpULFhiyrmp8HZHb8sQCNRhkLkCtemAJKEhY,Safe,63wzPu198hcxNASnnPmRUN1qN9PLnURv92QR4u2qrHv3cTJYKXytc9VhmVuDZAkoy3TUpuCPohvEbb66Td6KCKM7,2024-12-03T15:07:02.000Z
Categorized Only,HH57dEarbNVuFGyAmbs56HtKBekyaZAPVQ4KiLVRrZzy,Safe,3hkzhKTARZdJbazpzxrCRdpm2dwGeUkTygJbGFWS7vgxSRCim8JgRwtk9LXBBzRNiR2g67ikK8YPY6DtanNWuevA,2024-12-03T15:07:23.000Z
Categorized Only,EJrGpe1TqGDp2uPg2Cbj3PXRaJRsxpapkV4AYszBGkt9,Safe,2xjbbPpWbxxtTxcsqtP2Ad5H3ApHqkefvpV9YZF5DBaAo2umYK4aSaDDmkyyR7bZ6QQD8aJDt3U6QBKxXQFJSFCZ,2024-12-03T15:07:24.000Z
Categorized Only,4z48ikf9YrQT55RXSGucHHyANpD56H8AUDSZFxxeuSiE,Safe,cas61MFDso2Ls3NZ7EYMngKh5uvS8xxD2aXL3qcx2GjyziJzrqpg4UDqEfUsDJofdL1jeCJHDdmUobLut7q7Q2f,2024-12-03T15:07:52.000Z
Categorized Only,Hirs9qyqzC3N65GxXUgtP7BbVjHeFZHW1TtXtNTgjjjB,Safe,TUJgZQUUPgHQ1SCh9GwtdF6Yx5HUPwxPLM65L1dpvL1HeewpGi28McCAbaELSWdqqWkCmoh2WKSZzHkrtrS5eyS,2024-12-03T15:08:12.000Z
Categorized Only,49tm6wYk6yPfLod91PNtsh45NMuMP756ExuKr4xfWCp3,Safe,4gWSEbvMs6uZSfvyTwQ1V9hF2uNHqa1p3bsNCckDfuAaQfVcrhCgUe2rg7H1cQzDzitwE1dJBi2M4rLbnDQHn8zz,2024-12-03T15:09:27.000Z
Categorized Only,CnSvgnswLxhfPrRBwniCWYZWDEgertbq9k6Ji7PfrfC6,Safe,5ozeENf5re5Dgw2W1tHhT1BtnRrU44LYFrtzxVWsxkA7iecVAP3YEoiReJFUpNW6Bzg4mQA5dBwtrjUSdeCQHvM2,2024-12-03T15:10:50.000Z
Categorized Only,3NbuLEPFpCSubCiVgkBvnLevaAg4R6pKd1V1vbcc8jBx,Safe,35dLZRJxaJZGizaSybm2PAongj4EBDPf8QkTvJGLfZR4XB1ExragAzzh6ZfSQbksvVAmaS2wFi6G2549UFcepKqY,2024-12-03T15:13:04.000Z
Categorized Only,9LhrkbDtqjHwCUMiccspZNJFqdLKmryvdfSXLjV75TKm,Safe,4rXjV7nRamfUUCRaZtDg6KJ738ySkcyTDwAR317moPg3eB796mKJMeuPg3Jwps3wUgPc23PWQEhzJJbvniavashN,2024-12-03T15:13:35.000Z
Categorized Only,E5dMSi58PZXvRdx1ixa2yyKHuQ7mukEZQoooUrqZuC6R,Safe,5eCsBozjsLVBVtShk1gbjZqo1JF5VWXiv6zDxRrPcJzfxPXmvJ4L3i4FHnaUfjsCzRjYGtRq3YMsLaw25yrmeTYv,2024-12-03T15:15:10.000Z
Categorized Only,GtaQzMPoNmhmwCV8fpw2JWpToVjxz9D2eaX94apDunh5,Safe,39AoDfZbXquz6iJw8hz9jP7QRo67jymW9og3Z5PLbsJCgauWNkdpTF7PB89cC2dy6rDBQ4xSgcn3ycREoPnsdykG,2024-12-03T15:15:48.000Z
Categorized Only,3NEKeBzjTsydhqh5qTBWLsHDqdGbAtXKAPfBbDuS4Udc,Safe,ctkFSRgpJEc3fkGfp7nLYKzv9T9PZ8BTFUTXokiVHdwkGLW8ittRjHKCX5dKpejFGZKfdX7dzJqhKPtNfU6oaXu,2024-12-03T15:16:40.000Z
Categorized Only,CkMrYfFpBJxFRemcYiAdpqbuBgkosuACrBtVQtpS7zfy,Safe,5AwnUZQDjpPyL6QWHe3cRUi3CBTrtYyTfu8CtK87AgXPeQYMiKQjpSDyE4WY4Vr5ZM4SVNKNvTDvWAdQyXsUNyin,2024-12-03T15:17:06.000Z
Categorized Only,8RigRdZTpr6wsfQrjruGwLW5R3PzVrw6is7WD9MSQK14,Safe,4ddc39FYyFY4Lq7hzfPW1DcjRsKkpBYFe1QjGRmgg9TyRm2QcRoDhNwGnTDZvTMngPM6YJWfsYKQ5VM1WbmZeRwW,2024-12-03T15:17:10.000Z
Categorized Only,2vKDiwbQtTfr9EM7G59zMjDFbd8gamteVodUf9TMrXCg,Safe,62cUASg2ieKoV5A1nCrWcDU6dZgCvEhUph4N7zLW5UQYqxWwpLrZkfd5DX6LECT4dW7GoYy57cojAchnLcU9fNGZ,2024-12-03T15:17:13.000Z
Categorized Only,DAgJCCeFBzSXvS1jRYSaGYnvaB3St6ctKedPB7YuhiaH,Safe,5U4fRbQWM7mGfbs2aF7BN75H3LMp9XdC9zLhykwfcTR58knduTp6oeEXfs7hxubf1sf729YtJmUd1gbTMuSx5Ghp,2024-12-03T15:17:24.000Z
Categorized Only,2BAK3RVYxnkYBrbWG2mnVkLtv2TqgWPxEpcyVf5bUtbz,Safe,4FueeAtedEHeqNPQHqfkhqEGs5miqeW5pV8LVgat1mk6Ka1e6nhqoXB5hTmjRDHzzQixiQkCiDxBuebGyhTUXiS2,2024-12-03T15:17:26.000Z
Categorized Only,nj2uRgJtkJxz15YMV6mrdN5fMaaudEneYTKoGCAFe6t,Safe,5tmovsxfrn6DwwsRETbAGfxwY4YW8m8yxDHPWdDHJej6uQu8QvgwS8e26PddwjX2QY4QociQEEtZz4qrBwmhmE91,2024-12-03T15:17:29.000Z
Categorized Only,5AvDGn3FCKXXnZiiX9WtxaPYZPCTJuaDEP7gzftRizaK,Safe,X6P5HJqdyK7C8WJwU7x3BTXUMjXK4NWU9WcQnVtwt9Yey28GQmR1sdQaociCfnpoSJwrTzbh7RLvxuxzApBwprc,2024-12-03T15:17:33.000Z
Categorized Only,EeQVhk6Kx5Z4Us7cdyLb7DEFkbKdSkihopaDyCuKZWx7,Safe,5GwPpPSAgxSqDTTFuE5nvT8KbEUSMNn2vEQw795GY85K5xPH2cZkarMFQFDwGCXRUHPa8vstFqLmhUPHzxPxtPGW,2024-12-03T15:18:10.000Z
Categorized Only,8PxRJHVeB5thSxgAqKw4RJb4HytEEwBW1w5vMFN1MpCf,Safe,54AFHGz6DGQTSPxC3HubCygVhmxhzg9g1BZ8D3FKtw8b4Jt1kEscghxdcmJSRpLWHfCb9GXwg75BP48Y4RFNXY2n,2024-12-03T15:19:07.000Z
Categorized Only,AyNuMTAbkTmBxpcifD8qxXbpXA9XuGQLhafWaFH5Xx26,Safe,4so3Uq3bcfJUBP5LmJjjE3raWjRxNMGqoqXULdYExpfrqMxjGrCA6W7UKaxDCWVwq4UcpRPpTNR8zc355aADu2Ex,2024-12-03T15:19:17.000Z
Categorized Only,4v9HUmQ63QkiujPgtapvQ8rHq3sFZetz3rKiQwbuoVAg,Safe,4cFnijhSnFdaymYZFE86NEs1ecBARoBcvAg55DPVMyQHcaHsehN3Ehv7BUrCX3vHQU8nDaDSyEHEDox9krGbV45D,2024-12-03T15:19:20.000Z
Categorized Only,2Ck2L4icAdfvivrVz2fPFgZuEXcthnnAzz9f1RdfpQuC,Safe,4hMXqoenMM2SFN5HyULgQxcFkbQLj6jz7s8xJxf5kBAn7Qy9ye4pVioZeEyQUntGvaMfcpNon6t4HfPHvNK3Xfbt,2024-12-03T15:19:46.000Z
Categorized Only,4YtLWjbn2Dno7XHfYThfKj3T5vDkERB81krmXdC5Ztuh,Safe,2dW1eFXaxF8hpbpfcpXtX2K7UjdWEAYotAGDgxEvM12PMXax9U1fdvuSDXJinS7vnCqjFEJfq3r2pXyEx9SzcJC5,2024-12-03T15:19:49.000Z
Categorized Only,4L5xaWE8TUbep87QZjHfcPP1SGLwdUrVDFYkDeswN17J,Compromised,2mnL71CiryRoZfqTyddGXFDNJ9UQ2ifxMUbnXoous4CswKf8wPocydWDSdVbCfxfb4eiQ6dJ59uGJohSzzQHGSv3,2024-12-03T15:22:37.000Z
Categorized Only,4eqQTS7TC73kYzw1ZkcsRPvVyBJQdRoKPCVpZBnfiayE,Compromised,4WpozE6Ah2aHpwdrs8uTbs2r3s2gCuoERLYBpS8AjYrhcaXAwBpnf8CcY2c3oApSTrQ3tqhLDvHGd8xHRoXkWoTo,2024-12-03T15:22:50.000Z
Categorized Only,3vRTTejT22HStmRfG4hAJd5ZVdcHqBGxTS1x2ST89o2r,Compromised,5mj7cz92VvncH58ubhoRYfGATgGYGLM6YwDs3h2MJ4AJxKRTAiLATjkGMXuiLLJKsNLD6purYmF8EhxRduuEb6Cu,2024-12-03T15:22:53.000Z
Categorized Only,3aXDizPdGTwRRsicf4AQT4XKsLurXDQrgmL2qjA4Bmzr,Compromised,2yC3bSFZPqRG1i6Vm8G9ckxK4SodG6UjspZK6XxSCm68295tq7fciQCendcjgy64q2FnVzwgwdatwiKBAiR97mje,2024-12-03T15:23:17.000Z
Categorized Only,4VPLU4SqrVjeZnvCG4Pnjw2JgTrsfRgcb5gnGEFyq7p2,Compromised,4GPjWy2cY292LEEBscWNucCv1XrvavaFDYMioqvNtLqdDZxrJdnLiLgh3MvNFmN4JGspzfFpGkiuCA24kQywL2dX,2024-12-03T15:23:20.000Z
Categorized Only,6qBmM5XgUT4eW4y9kZgWejJJBVArQf26EDkjhwDQZVsv,Compromised,5XhiKUBnJpxzAQCfu1ws8Ay981AGyFcMT1By31v4M2pvHdKHavf2G6b8aCfzD7S3MSp6jLW4UstvimhmkjRChs1B,2024-12-03T15:23:52.000Z
Categorized Only,5FWHGiSG2rUwME2KVShyXSi55YDpQ65SXtLhZhqmGdxs,Compromised,4am2Q11be1u7zXZzzg2uYgf3mNCFTARhrvmtW2K8znSL3Rz2Srm91RubXHqJ3pQoNeG4UifvsphnRv3AbxRMB4P9,2024-12-03T15:24:21.000Z
Categorized Only,3Fg8nFW8pchtmBxzXLfq98zZo7wtbqftaX6WFMEsRJS2,Compromised,5VqbD4yG4Ym8n3vrDxiDTtPDHqYLLkcubWMd5icQ4AXq3TdzWdA1UqJ5A5hsrXB9cRRrq81ZD7sWTbrJufRYvG1s,2024-12-03T15:25:17.000Z
Categorized Only,4DKTeQgi1xkFMzmsSTQeKiNYtd3dD6nEb6dYJJsPKAHH,Compromised,62NaqdpiynYW27G1rXZ85epi82qrzhJzte51yzoroPtEHMdj8uLnBTaDvp2McdcJ1SP8x6njPsWY1N31fMnXGP7u,2024-12-03T15:25:47.000Z
Categorized Only,AStp4RDFnPHDysFRYsXu5DRTzQStDG7B1V1YSihPv6rE,Compromised,2BGBqcDBw5mnbMzxqesHL1kJxsts8RyjdGfmBEu3AJUo45cx3SVpYxweNqoJMyhQwiG3Ar2Quu61mRwcLnwN8qns,2024-12-03T15:29:24.000Z
Categorized Only,2shN8q3KS9Q1Ctye9FwLHfggqamKVGqfMuwvoQ2AuEga,Compromised,2bLe4QjxyodnxpxE6hBnpfuMTRQjyC7vmUg49CVn7sHc5cRUpKMsqs28wVzartuzErWAL6LADMAG67R8FE39Bkih,2024-12-03T15:29:34.000Z
Categorized Only,25qd7hQzpjXZMdoswPV5DBygt3dYEriYfxVpA4cnmnH4,Compromised,5dxtZLT3EZQDCrGWdqUzsaQ7LauaPuEcrxpsNZNSwjpmrZaS99stxCbcXeo8VsBGTGV2upGvHcgqoM3ANAzmWPQL,2024-12-03T15:41:06.000Z
Categorized Only,58rugHXUxBCnUrrCZCK92XvHM6NQQNFGaA4qVujDyVbV,Compromised,3Vqi1VWLM6gb6Q8BQWjjezq1a99UDwJ8HwTvJPhQ6pSxgudQD8FoHYPXhSdJ3oZNqY3Nxsr5FV4GYiMVLnd7cMva,2024-12-03T15:47:41.000Z
Categorized Only,CWicaYTihvptZnt6tZfHPBL1s6uy2svN6r936wL1fTgE,Compromised,49k6zZ6CJRCCXWDqaGCi7W9KyZxggCk4PGRVTX9wnKigoBmP4gbHjdthvrnZ4R5qG3PZjZHLNjP2QUYqPh8N7CuS,2024-12-03T15:52:27.000Z
Categorized Only,BGafeRvdk32Go2X4vPeB3Fx1XSDSCtq15PLYLb1wdL6U,Compromised,tcX3z2JVE8Wi6Bn8Jt1WitC9JMmgJx7HSjR2m9GwV4EgEu264HnQ2EaeaNN9ELVWUcp6pjDFTgzgDKibE1uwnfa,2024-12-03T15:56:46.000Z
Categorized Only,2dZ3DJb9XHbNamhuAGRKxzpK4fHohNeBNjH7QsgB6Yff,Compromised,3vfDZSJBriNaBUmUUh7L73RjQykADD8KcS1wJnxYRhZxVzsCFmW2ztKXTAc1AjT3RYVTzT9dhRiLnE2G9ep5iJdw,2024-12-03T16:01:59.000Z
Categorized Only,EmSpFYFMQtAKtK65bzdyDc86UhEigrR57dtvJek3oas2,Compromised,2LcTLznPkZUdg5sofxHtmh73qpaKMTcVzvn2KX5bjz47bAeWF25RnMw6VzXRDSRTPxNKFLHsneKajeQG4863bhCL,2024-12-03T16:04:40.000Z
Categorized Only,AdJLDuJcPNyEXwSSC65JKTjCreVypLzG6zLDpAntKVgu,Compromised,3JrMt95cAAbSG6pA54Wywz6uN7eRmBJajUs7CBP7Ueu8LPUXjX6sWqBw2xgWiUYkhKruLbM2jqqeKiQWy4PtwiU4,2024-12-03T16:05:35.000Z
Categorized Only,AWow75UVQWrBQkiE4cubVHt67oXhH8V8Jn4bmiA3EKhW,Compromised,bd3y7Cbu7aPhmnNUgVUMJSuySkKBFDQ3bJBMV2e9jnGSuTD4kR3a4822GoNGBfnZTTFioEvBdtsdJ17u6cGdki3,2024-12-03T16:11:41.000Z
Categorized Only,DtQwJLh4ujgkUvXu9J2PgKSFjj7CTSgw2ibCE31iw9TX,Compromised,4Xy8PkZyss7kdd9jsG8Mnjw1tUxx1F85aKyziNAwiqk6U597PpHpbcQz1VJXNtPWzF6fpECo1hSD37FFrA9iggva,2024-12-03T16:17:02.000Z
Categorized Only,4buHVQHdHyhQTfBE4tdnDreiLDUo7thtszaj2uoXkRh4,Compromised,xSBfVKPRr4BSRMfzktLhiFAGHf4PPcjKqoWj8LbKS2zZ2b18VLWXf8UmGiu9sdDHG7WqSw9nDN4UmtuxGf59rtM,2024-12-03T16:17:33.000Z
Categorized Only,AppU9FUSAQ14CfEhQ3iH3xetMRFfdzkatcLM2t58mbSx,Compromised,pZiTND8WGtu2K9B4bzGQASR6gSzSpxn32DLW6aZikEHxfL25uenoCLUKr3bj4x7ned4iDckh7Q6gYJFpeAnXwaN,2024-12-03T16:22:27.000Z
Categorized Only,5dUiXUuP4YJro4hHLX3SWhmTHfPuzRjhUA62enynxDNw,Compromised,3DCCmZtufGDUE1obRzbYFSdNUaGbCwvJZDxymQgfe1tgc8rXahrWrWUDcZ2iqvGdD4LtrxUzfV9JGGazFQvB1KcH,2024-12-03T16:25:22.000Z
Categorized Only,7rh3wfgRZYRXfEwtUiHk2WWG5yybmwFLYnD5pzmnc9vV,Compromised,32VtMrirqVgEDdhdoMZRsRWyKi5qY4JE2wZaH1Vaceqbv6m2VjeKB73p2Ygf6yc2mGFuvQemSQDcdnnuzT7T9AhL,2024-12-03T16:42:18.000Z
Categorized Only,CfzL7fhZZZ6SLXuyRqCnzHHnSkARWfm77JM4cD8uDa7N,Compromised,66DHU3RGERqx5Hj6AM49EnhCMsPRoGooa1yjztTf3Wrvfk3X3suQhvNeJAybiDNyqvT3QqbVd88FxTa2hn4pPbHS,2024-12-03T16:43:18.000Z
Categorized Only,4otwUEw8sXMgnLYk33CP2XUZAURghoYeEwXT28rZve9R,Compromised,3okXtJJhmhzvYpUM8bx8Cz2a2iV9jgm8dVwz4EgqEBCWBsNDyvmx28Sjn6FBiA6gxunyGD6bnVFxUL5xyXkC47WQ,2024-12-03T17:01:26.000Z
Categorized Only,6a8EP8Fj6eeDTcDU8Rb64n6dTRsU6JqvkYD8SyQRKk7i,Compromised,3Kbxtdshwz9hoaqt8kfo7aFaRiwBmDDQd4QtebSMB4dsoDYbsMsYfSchjXfh7VSsFSWQ2S62S3fZBwd1Q8o4qh48,2024-12-03T17:20:30.000Z
Categorized Only,C49tmP2PeNLmP2sKe6WiXWMTVbeb9KbqaA1azCwBjfyK,Compromised,47nTUJQi6eUuN1VHn4Hkj8pAC28FV8GuuqMiFiCzaPVCkP9xrsCKCtKJJY6GnCUKjaqRAQYLmLUByZLxKHErydqe,2024-12-03T17:48:34.000Z
Categorized Only,33pqEzPkGh2FTLHti9RLdwD3YXSAYHaHno5fUYsUMmMu,Compromised,3LiA4bHN9fdcCY2JMa8BJkdiGM7ovBSKqULtcxLTh9a3ZyMAqB1r4GHZxqWCdBpb8PNMrESAxZAXChaMjzV1tPn8,2024-12-03T17:56:23.000Z
Stolen Only,HrXGX5sNWUHWvc7Qkx3Jd4cQw5J48qsKzdKArZfdhG7Q,,,
Stolen Only,467UnngQ7yFwCNvgiQtNqWvraA7M71drLSjgqjD5jaKh,,,
Stolen Only,4WtG17Vn3SSoTAVvXxpopQTG3Qo9NUK28Zotv4rL1ccv,,,
Stolen Only,Ab8Dk5XSGfUjPtpUACmUodqXmoWKj6hJ3wBauwyA6Xoh,,,
